Código do Descritor,Descritor,Nível de Complexidade do Texto,Código da Classe,Classes,1EF,2EF,3EF,4EF,5EF,Prio Ped,BNCC,SAEB
D01-1EF,Distinguir letras do alfabeto de outros sinais gráficos.,Não há.,D01-1EF-CL1,Distinguir letras do alfabeto de desenhos e/ou garatujas.,x,,,,,2.0,EF01LP04,Não há.
D01-1EF,Distinguir letras do alfabeto de outros sinais gráficos.,Não há.,D01-1EF-CL2,Distinguir letras do alfabeto de números e/ou outros sinais usados na escrita convencional.,x,,,,,2.0,EF01LP04,Não há.
D02-1EF,Reconhecer letras do alfabeto.,Não há.,D02-1EF-CL1,"Reconhecer uma vogal, quando apresentada individualmente.",x,,,,,2.0,EF01LP10,Não há.
D02-1EF,Reconhecer letras do alfabeto.,Não há.,D02-1EF-CL2,"Reconhecer uma vogal, quando apresentada no início de uma palavra.",x,,,,,2.0,EF01LP10,Não há.
D02-1EF,Reconhecer letras do alfabeto.,Não há.,D02-1EF-CL3,"Reconhecer uma consoante, quando apresentada individualmente, entre outras com pontos e/ou modos de articulação semelhantes.",x,,,,,2.0,EF01LP10,Não há.
D02-1EF,Reconhecer letras do alfabeto.,Não há.,D02-1EFCL4,"Reconhecer uma consoante, quando apresentada no início de uma palavra, entre outras com pontos e/ou modos de articulação semelhantes.",x,,,,,2.0,EF01LP10,Não há.
D03-1EF,Reconhecer as diferentes formas de grafar uma letra ou uma palavra.,Não há.,D03-12EF-CL01,Reconhecer uma letra em imprensa maiúscula na forma cursiva ou vice-versa.,x,,,,,2.0,EF01LP11,Não há.
D03-1EF,Reconhecer as diferentes formas de grafar uma letra ou uma palavra.,Não há.,D03-12EF-CL02,Reconhecer uma letra em imprensa minúscula na forma cursiva ou vice-versa.,x,,,,,2.0,EF01LP11,Não há.
D03-1EF,Reconhecer as diferentes formas de grafar uma letra ou uma palavra.,Não há.,D03-12EF-CL03,Reconhecer uma palavra em imprensa maiúscula na forma cursiva ou vice-versa.,x,,,,,2.0,EF01LP11,Não há.
D03-1EF,Reconhecer as diferentes formas de grafar uma letra ou uma palavra.,Não há.,D03-12EF-CL04,Reconhecer uma palavra em imprensa minúscula na forma cursiva ou vice-versa.,x,,,,,2.0,EF01LP11,Não há.
D03-1EF,Reconhecer as diferentes formas de grafar uma letra ou uma palavra.,Não há.,D03-12EF-CL05,"Reconhecer uma frase escrita em imprensa na forma cursiva ou vice-versa.
 
",x,,,,,2.0,EF01LP11,Não há.
D03-1EF,Reconhecer as diferentes formas de grafar uma letra ou uma palavra.,Não há.,D03-12EF-CL06,Reconhecer uma letra em maiúscula na forma minúscula ou vice-versa.,x,,,,,2.0,EF01LP11,Não há.
D03-1EF,Reconhecer as diferentes formas de grafar uma letra ou uma palavra.,Não há.,D03-12EF-CL07,Reconhecer uma palavra em maiúscula na forma minúscula ou vice-versa.,x,,,,,2.0,EF01LP11,Não há.
D03-1EF,Reconhecer as diferentes formas de grafar uma letra ou uma palavra.,Não há.,D03-12EF-CL08,Reconhecer uma frase escrita em maiúscula na forma minúscula ou vice-versa.,x,,,,,2.0,EF01LP11,Não há.
D04-1EF,Reconhecer as direções da escrita.,"Textos de até 8 linhas, composto por períodos simples, sem intercalações, que circulam no campo de atuação da vida cotidiana ou artístico literário.",D04-1EF-CL01,Reconhecer a primeira palavra de um poema.,x,,,,,2.0,EF01LP01,Não há.
D04-1EF,Reconhecer as direções da escrita.,"Textos de até 8 linhas, composto por períodos simples, sem intercalações, que circulam no campo de atuação da vida cotidiana ou artístico literário.",D04-1EF-CL02,Reconhecer a primeira palavra de uma parlenda.,x,,,,,2.0,EF01LP01,Não há.
D04-1EF,Reconhecer as direções da escrita.,"Textos de até 8 linhas, composto por períodos simples, sem intercalações, que circulam no campo de atuação da vida cotidiana ou artístico literário.",D04-1EF-CL03,Reconhecer a primeira palavra de uma quadrinha.,x,,,,,2.0,EF01LP01,Não há.
D04-1EF,Reconhecer as direções da escrita.,"Textos de até 8 linhas, composto por períodos simples, sem intercalações, que circulam no campo de atuação da vida cotidiana ou artístico literário.",D04-1EF-CL04,Reconhecer a primeira palavra de um texto em prosa curto (até 4 linhas).,x,,,,,2.0,EF01LP01,Não há.
D04-1EF,Reconhecer as direções da escrita.,"Textos de até 8 linhas, composto por períodos simples, sem intercalações, que circulam no campo de atuação da vida cotidiana ou artístico literário.",D04-1EF-CL05,Reconhecer a última palavra de um poema.,x,,,,,2.0,EF01LP01,Não há.
D04-1EF,Reconhecer as direções da escrita.,"Textos de até 8 linhas, composto por períodos simples, sem intercalações, que circulam no campo de atuação da vida cotidiana ou artístico literário.",D04-1EF-CL06,Reconhecer a última palavra de uma parlenda.,x,,,,,2.0,EF01LP01,Não há.
D04-1EF,Reconhecer as direções da escrita.,"Textos de até 8 linhas, composto por períodos simples, sem intercalações, que circulam no campo de atuação da vida cotidiana ou artístico literário.",D04-1EF-CL07,Reconhecer a última palavra de uma quadrinha.,x,,,,,2.0,EF01LP01,Não há.
D04-1EF,Reconhecer as direções da escrita.,"Textos de até 8 linhas, composto por períodos simples, sem intercalações, que circulam no campo de atuação da vida cotidiana ou artístico literário.",D04-1EF-CL08,Reconhecer a última palavra de um texto em prosa curto (até 4 linhas).,x,,,,,2.0,EF01LP01,Não há.
D05-1EF,Identificar a correta segmentação de palavras na escrita.,"Textos de até 8 linhas, composto por períodos simples, sem intercalações, que circulam no campo de atuação da vida cotidiana ou artístico literário.",D05-1EF-CL01,Identificar uma frase segmentada corretamente.,x,,,,,2.0,EF01LP12,Não há
D05-1EF,Identificar a correta segmentação de palavras na escrita.,"Textos de até 8 linhas, composto por períodos simples, sem intercalações, que circulam no campo de atuação da vida cotidiana ou artístico literário.",D05-1EF-CL02,Identificar a estrofe de um poema segmentada corretamente.,x,,,,,2.0,EF01LP12,Não há
D05-1EF,Identificar a correta segmentação de palavras na escrita.,"Textos de até 8 linhas, composto por períodos simples, sem intercalações, que circulam no campo de atuação da vida cotidiana ou artístico literário.",D05-1EF-CL03,Identificar um trava-língua segmentado corretamente.,x,,,,,2.0,EF01LP12,Não há
D05-1EF,Identificar a correta segmentação de palavras na escrita.,"Textos de até 8 linhas, composto por períodos simples, sem intercalações, que circulam no campo de atuação da vida cotidiana ou artístico literário.",D05-1EF-CL04,Identificar uma quadrinha segmentada corretamente.,x,,,,,2.0,EF01LP12,Não há
D05-1EF,Identificar a correta segmentação de palavras na escrita.,"Textos de até 8 linhas, composto por períodos simples, sem intercalações, que circulam no campo de atuação da vida cotidiana ou artístico literário.",D05-1EF-CL05,Identificar uma parlenda segmentada corretamente.,x,,,,,2.0,EF01LP12,Não há
D05-1EF,Identificar a correta segmentação de palavras na escrita.,"Textos de até 8 linhas, composto por períodos simples, sem intercalações, que circulam no campo de atuação da vida cotidiana ou artístico literário.",D05-1EF-CL06,Identificar um texto em prosa curto (até 4 linhas) segmentado corretamente.,x,,,,,2.0,EF01LP12,Não há
D06-1EF,Reconhecer o local de inserção de uma palavra na ordem alfabética.,Não há.,D01EF-CL01,"Reconhecer o local de inserção de uma palavra na ordem alfabética a partir da primeira letra, em uma lista com até 5 itens.",x,,,,,2.0,EF01LP10,Não há.
D06-1EF,Reconhecer o local de inserção de uma palavra na ordem alfabética.,Não há.,D06-1EF-CL02,"Reconhecer o local de inserção de uma palavra na ordem alfabética a partir da primeira letra, em uma lista com mais de 5 itens.",x,,,,,2.0,EF01LP10,Não há.
D06-1EF,Reconhecer o local de inserção de uma palavra na ordem alfabética.,Não há.,D06-1EF-CL03,"Reconhecer o local de inserção de uma palavra na ordem alfabética a partir da segunda letra, em uma lista com até 5 itens.",x,,,,,2.0,EF01LP10,Não há.
D06-1EF,Reconhecer o local de inserção de uma palavra na ordem alfabética.,Não há.,D06-1EF-CL04,"Reconhecer o local de inserção de uma palavra na ordem alfabética a partir da segunda letra, em uma lista com mais de 5 itens.",x,,,,,2.0,EF01LP10,Não há.
D07-1EF,Identificar pares de palavras que rimam em textos de nível 1.,"Textos de até 8 linhas, composto por períodos simples, sem intercalações, que circulam no campo de atuação da vida cotidiana ou artístico literário.",D07-1EF-CL01,"Identificar pares de palavras que rimam, em uma mesma estrofe de um poema.",x,,,,,1.0,EF12LP19,Relacionar elementos sonoros das palavras com sua representação escrita.
D07-1EF,Identificar pares de palavras que rimam em textos de nível 1.,"Textos de até 8 linhas, composto por períodos simples, sem intercalações, que circulam no campo de atuação da vida cotidiana ou artístico literário.",D07-1EF-CL02,"Identificar pares de palavras que rimam, em estrofes diferentes de um poema curto.",x,,,,,1.0,EF12LP19,Relacionar elementos sonoros das palavras com sua representação escrita.
D07-1EF,Identificar pares de palavras que rimam em textos de nível 1.,"Textos de até 8 linhas, composto por períodos simples, sem intercalações, que circulam no campo de atuação da vida cotidiana ou artístico literário.",D07-1EF-CL03,"Identificar pares de palavras que rimam, numa quadrinha.",x,,,,,1.0,EF12LP19,Relacionar elementos sonoros das palavras com sua representação escrita.
D07-1EF,Identificar pares de palavras que rimam em textos de nível 1.,"Textos de até 8 linhas, composto por períodos simples, sem intercalações, que circulam no campo de atuação da vida cotidiana ou artístico literário.",D07-1EF-CL04,"Identificar pares de palavras que rimam, numa parlenda.",x,,,,,1.0,EF12LP19,Relacionar elementos sonoros das palavras com sua representação escrita.
D08-1EF,Segmentar palavras em sílabas (contar sílabas).,Não há.,D08-1EF-CL01,"Segmentar palavras formadas exclusivamente por sílabas canônicas, tendo como estímulo uma imagem.",x,,,,,1.0,EF01LP06,"Relacionar elementos sonoros das palavras
com sua representação escrita.
"
D08-1EF,Segmentar palavras em sílabas (contar sílabas).,Não há.,D08-1EF-CL02,"Segmentar palavras formadas exclusivamente por sílabas canônicas, tendo como estímulo a palavra a ser segmentada.",x,,,,,1.0,EF01LP06,"Relacionar elementos sonoros das palavras
com sua representação escrita.
"
D08-1EF,Segmentar palavras em sílabas (contar sílabas).,Não há.,D08-1EF-CL03,"Segmentar palavras formadas por sílabas canônicas e não canônicas (ditongos, hiatos, vogal e semivogal, vogal), tendo como estímulo uma imagem.",x,,,,,1.0,EF01LP06,"Relacionar elementos sonoros das palavras
com sua representação escrita.
"
D08-1EF,Segmentar palavras em sílabas (contar sílabas).,Não há.,D08-1EF-CL04,"Segmentar palavras formadas por sílabas canônicas e não canônicas (ditongos, hiatos, vogal e semivogal, vogal), tendo como estímulo a palavra a ser segmentada.",x,,,,,1.0,EF01LP06,"Relacionar elementos sonoros das palavras
com sua representação escrita.
"
D09-1EF,Reconhecer semelhanças sonoras entre sílabas.,Não há.,D09-1EF-CL01,Identificar a sílaba inicial de uma palavra com base em alternativas que apresentem uma única imagem.,x,,,,,1.0,EF01LP09,"Relacionar elementos sonoros das palavras
com sua representação escrita.
"
D09-1EF,Reconhecer semelhanças sonoras entre sílabas.,Não há.,D09-1EF-CL02,"Identificar semelhanças entre sílabas iniciais de palavras com base em alternativas que apresentem pares de imagens.
",x,,,,,1.0,EF01LP09,"Relacionar elementos sonoros das palavras
com sua representação escrita.
"
D09-1EF,Reconhecer semelhanças sonoras entre sílabas.,Não há.,D09-1EF-CL03,Identificar a sílaba final de uma palavra com base em alternativas que apresentem uma única imagem.,x,,,,,1.0,EF01LP09,"Relacionar elementos sonoros das palavras
com sua representação escrita.
"
D09-1EF,Reconhecer semelhanças sonoras entre sílabas.,Não há.,D09-1EF-CL04,Identificar semelhanças entre sílabas finais de palavras com base em alternativas que apresentem pares de imagens.,x,,,,,1.0,EF01LP09,"Relacionar elementos sonoros das palavras
com sua representação escrita.
"
D09-1EF,Reconhecer semelhanças sonoras entre sílabas.,Não há.,D09-1EF-CL05,Identificar a sílaba medial de uma palavra trissílaba com base em alternativas que apresentem uma única imagem.,x,,,,,1.0,EF01LP09,"Relacionar elementos sonoros das palavras
com sua representação escrita.
"
D09-1EF,Reconhecer semelhanças sonoras entre sílabas.,Não há.,D09-1EF-CL06,Identificar semelhanças entre sílabas mediais de palavras com base em alternativas que apresentam pares de imagens.,x,,,,,1.0,EF01LP09,"Relacionar elementos sonoros das palavras
com sua representação escrita.
"
D10-1EF,Ler palavras.,Não há.,D10-13EF-CL01,"Relacionar palavra LIDA, formada  por uma ou duas sílabas exclusivamenteno padrão CV, à figura ou vice-versa.",x,,,,,1.0,EF02LP04,Ler palavras.
D10-1EF,Ler palavras.,Não há.,D10-13EF-CL02,"Relacionar palavra LIDA, formada por três sílabas exclusivamente no padrão CV, à figura ou vice-versa.",x,,,,,1.0,EF02LP04,Ler palavras.
D10-1EF,Ler palavras.,Não há.,D10-13EF-CL03,"Relacionar palavra LIDA, formada  por quatro ou mais sílabas exclusivamente no padrão CV, à figura ou vice-versa.",x,,,,,1.0,EF02LP04,Ler palavras.
D10-1EF,Ler palavras.,Não há.,D10-13EF-CL04,"Relacionar palavra OUVIDA, formada  por uma ou duas sílabas exclusivamente no padrão CV, à figura ou vice-versa.",x,,,,,1.0,EF02LP04,Ler palavras.
D10-1EF,Ler palavras.,Não há.,D10-13EF-CL05,"Relacionar palavra OUVIDA, formada por três sílabas exclusivamente no padrão CV, à figura ou vice-versa.",x,,,,,1.0,EF02LP04,Ler palavras.
D10-1EF,Ler palavras.,Não há.,D10-13EF-CL06,"Relacionar palavra OUVIDA, formada por quatro ou mais sílabas exclusivamente no padrão CV, à figura ou vice-versa.",x,,,,,1.0,EF02LP04,Ler palavras.
D10-1EF,Ler palavras.,Não há.,D10-13EF-CL07,"Relacionar palavra LIDA, formada por uma ou duas sílabas em diferentes padrões silábicos, à figura ou vice-versa.",x,,,,,1.0,EF02LP04,Ler palavras.
D10-1EF,Ler palavras.,Não há.,D10-13EF-CL08,"Relacionar palavra LIDA, formada por três sílabas em diferentes padrões silábicos, à figura ou vice-versa.",x,,,,,1.0,EF02LP04,Ler palavras.
D10-1EF,Ler palavras.,Não há.,D10-13EF-CL09,"Relacionar palavra LIDA, formada  por quatro ou mais sílabas em diferentes padrões silábicos, à figura ou vice-versa.",x,,,,,1.0,EF02LP04,Ler palavras.
D10-1EF,Ler palavras.,Não há.,D10-13EF-CL10,"Relacionar palavra OUVIDA, formada  por uma ou duas sílabas em diferentes padrões silábicos, à figura ou vice-versa.",x,,,,,1.0,EF02LP04,Ler palavras.
D10-1EF,Ler palavras.,Não há.,D10-13EF-CL11,"Relacionar palavra OUVIDA, formada por três sílabas em diferentes padrões silábicos, à figura ou vice-versa.",x,,,,,1.0,EF02LP04,Ler palavras.
D10-1EF,Ler palavras.,Não há.,D10-13EF-CL12,"Relacionar palavra OUVIDA, formada por quatro ou mais sílabasem diferentes padrões silábicos, à figura ou vice-versa.",x,,,,,1.0,EF02LP04,Ler palavras.
D11-2EF,Ler frases.,Não há.,D11-2EF-CL01,Relacionar uma frase na ordem direta à imagem.,x,x,,,,1.0,Não há.,Ler frases
D11-2EF,Ler frases.,Não há.,D11-2EF-CL02,Relacionar uma imagem que corresponda a uma frase na ordem direta à frase.,x,x,,,,1.0,Não há.,Ler frases
D11-2EF,Ler frases.,Não há.,D11-2EF-CL03,Relacionar uma frase na ordem indireta à imagem.,x,x,,,,1.0,Não há.,Ler frases
D11-2EF,Ler frases.,Não há.,D11-2EF-CL04,Relacionar uma imagem que corresponda a uma frase na ordem indireta à frase.,x,x,,,,1.0,Não há.,Ler frases
D12-3EF,Identificar variações de sons de grafemas.,Não há.,D12-3EF-CL01,Identificar variações de sons de grafema no caso de correspondências regulares contextuais entre grafemas e fonemas (c/qu; g/gu; r/rr; s/ss).,x,x,x,,,2.0,EF05LP01,Não há.
D12-3EF,Identificar variações de sons de grafemas.,Não há.,D12-3EF-CL02,Identificar variações de sons de grafema no caso de correspondências irregulares entre grafemas e fonemas (j/g; c antes de e/i; sons do x – x/ch).,x,x,x,,,2.0,EF05LP01,Não há.
D12-3EF,Identificar variações de sons de grafemas.,Não há.,D12-3EF-CL03,Identificar variações de sons de grafema no caso de correspondências irregulares entre grafemas e fonemas (sons do z – s/z/x; sons do s – ss/c/ç/sc/sç/x/xc).,x,x,x,,,2.0,EF05LP01,Não há.
D13-1EF,"Localizar informação em texto de nível 1, recuperando-a por meio de repetição ao modo como se apresenta no texto. ","Textos de até 8 linhas, composto por períodos simples, sem intercalações, que circulam no campo de atuação da vida cotidiana.",D13-1EF-CL01,"Localizar informação, recuperando-a por meio de repetição ao modo como se apresenta em bilhetes.",x,x,x,,,1.0,EF15LP03 ,"Localizar informações explícitas em textos.(2º ano)
Localizar informação explícita.(5oano
"
D13-1EF,"Localizar informação em texto de nível 1, recuperando-a por meio de repetição ao modo como se apresenta no texto. ","Textos de até 8 linhas, composto por períodos simples, sem intercalações, que circulam no campo de atuação da vida cotidiana.",D13-1EF-CL02,"Localizar informação, recuperando-a por meio de repetição ao modo como se apresenta em convites.",x,x,x,,,1.0,EF15LP03 ,"Localizar informações explícitas em textos.(2º ano)
Localizar informação explícita.(5oano
"
D13-1EF,"Localizar informação em texto de nível 1, recuperando-a por meio de repetição ao modo como se apresenta no texto. ","Textos de até 8 linhas, composto por períodos simples, sem intercalações, que circulam no campo de atuação da vida cotidiana.",D13-1EF-CL03,"Localizar informação, recuperando-a por meio de repetição ao modo como se apresenta em receita.",x,x,x,,,1.0,EF15LP03 ,"Localizar informações explícitas em textos.(2º ano)
Localizar informação explícita.(5oano
"
D13-1EF,"Localizar informação em texto de nível 1, recuperando-a por meio de repetição ao modo como se apresenta no texto. ","Textos de até 8 linhas, composto por períodos simples, sem intercalações, que circulam no campo de atuação da vida cotidiana.",D13-1EF-CL04,"Localizar informação, recuperando-a por meio de repetição ao modo como se apresenta em regra de jogo/brincadeira.",x,x,x,,,1.0,EF15LP03 ,"Localizar informações explícitas em textos.(2º ano)
Localizar informação explícita.(5oano
"
D13-1EF,"Localizar informação em texto de nível 1, recuperando-a por meio de repetição ao modo como se apresenta no texto. ","Textos de até 8 linhas, composto por períodos simples, sem intercalações, que circulam no campo de atuação da vida cotidiana.",D13-1EF-CL05,"Localizar informação, recuperando-a por meio de repetição ao modo como se apresenta em quadro de aviso.",x,x,x,,,1.0,EF15LP03 ,"Localizar informações explícitas em textos.(2º ano)
Localizar informação explícita.(5oano
"
D13-1EF,"Localizar informação em texto de nível 1, recuperando-a por meio de repetição ao modo como se apresenta no texto. ","Textos de até 8 linhas, composto por períodos simples, sem intercalações, que circulam no campo de atuação da vida cotidiana.",D13-1EF-CL06,"Localizar informação, recuperando-a por meio de repetição ao modo como se apresenta em cartazes.",x,x,x,,,1.0,EF15LP03 ,"Localizar informações explícitas em textos.(2º ano)
Localizar informação explícita.(5oano
"
D13-2EF,"Localizar informação em texto de nível 1, recuperando-a por meio de repetição ao modo como se apresenta no texto. ","Textos de até 10 linhas, compostos por períodos com intercalações breves, que circulam em qualquer dos campos de atuação.",D13-2EF-CL01,"Localizar informação, recuperando-a por meio de repetição ao modo como se apresenta em cartas.",x,x,x,,,1.0,"EF15LP03 

",Localizar informações explícitas em textos.(2º ano); Localizar informação explícita.(5oano)
D13-2EF,"Localizar informação em texto de nível 1, recuperando-a por meio de repetição ao modo como se apresenta no texto. ","Textos de até 10 linhas, compostos por períodos com intercalações breves, que circulam em qualquer dos campos de atuação.",D13-2EF-CL02,"Localizar informação, recuperando-a por meio de repetição ao modo como se apresenta em cardápio.",x,x,x,,,1.0,"EF15LP03 

",Localizar informações explícitas em textos.(2º ano); Localizar informação explícita.(5oano)
D13-2EF,"Localizar informação em texto de nível 1, recuperando-a por meio de repetição ao modo como se apresenta no texto. ","Textos de até 10 linhas, compostos por períodos com intercalações breves, que circulam em qualquer dos campos de atuação.",D13-2EF-CL03,"Localizar informação, recuperando-a por meio de repetição ao modo como se apresenta em receita.",x,x,x,,,1.0,"EF15LP03 

",Localizar informações explícitas em textos.(2º ano); Localizar informação explícita.(5oano)
D13-2EF,"Localizar informação em texto de nível 1, recuperando-a por meio de repetição ao modo como se apresenta no texto. ","Textos de até 10 linhas, compostos por períodos com intercalações breves, que circulam em qualquer dos campos de atuação.",D13-2EF-CL04,"Localizar informação, recuperando-a por meio de repetição ao modo como se apresenta em regra de jogo/brincadeira.",x,x,x,,,1.0,"EF15LP03 

",Localizar informações explícitas em textos.(2º ano); Localizar informação explícita.(5oano)
D13-2EF,"Localizar informação em texto de nível 1, recuperando-a por meio de repetição ao modo como se apresenta no texto. ","Textos de até 10 linhas, compostos por períodos com intercalações breves, que circulam em qualquer dos campos de atuação.",D13-2EF-CL05,"Localizar informação, recuperando-a por meio de repetição ao modo como se apresenta em contos infantis.",x,x,x,,,1.0,"EF15LP03 

",Localizar informações explícitas em textos.(2º ano); Localizar informação explícita.(5oano)
D13-2EF,"Localizar informação em texto de nível 1, recuperando-a por meio de repetição ao modo como se apresenta no texto. ","Textos de até 10 linhas, compostos por períodos com intercalações breves, que circulam em qualquer dos campos de atuação.",D13-2EF-CL06,"Localizar informação, recuperando-a por meio de repetição ao modo como se apresenta em fábulas.",x,x,x,,,1.0,"EF15LP03 

",Localizar informações explícitas em textos.(2º ano); Localizar informação explícita.(5oano)
D13-2EF,"Localizar informação em texto de nível 1, recuperando-a por meio de repetição ao modo como se apresenta no texto. ","Textos de até 10 linhas, compostos por períodos com intercalações breves, que circulam em qualquer dos campos de atuação.",D13-2EF-CL07,"Localizar informação, recuperando-a por meio de repetição ao modo como se apresenta em poemas narrativos.",x,x,x,,,1.0,"EF15LP03 

",Localizar informações explícitas em textos.(2º ano); Localizar informação explícita.(5oano)
D13-2EF,"Localizar informação em texto de nível 1, recuperando-a por meio de repetição ao modo como se apresenta no texto. ","Textos de até 10 linhas, compostos por períodos com intercalações breves, que circulam em qualquer dos campos de atuação.",D13-2EF-CL08,"Localizar informação, recuperando-a por meio de repetição ao modo como se apresenta em regras de convivência.",x,x,x,,,1.0,"EF15LP03 

",Localizar informações explícitas em textos.(2º ano); Localizar informação explícita.(5oano)
D13-2EF,"Localizar informação em texto de nível 1, recuperando-a por meio de repetição ao modo como se apresenta no texto. ","Textos de até 10 linhas, compostos por períodos com intercalações breves, que circulam em qualquer dos campos de atuação.",D13-2EF-CL09,"Localizar informação, recuperando-a por meio de repetição ao modo como se apresenta em notícias.",x,x,x,,,1.0,"EF15LP03 

",Localizar informações explícitas em textos.(2º ano); Localizar informação explícita.(5oano)
D13-2EF,"Localizar informação em texto de nível 1, recuperando-a por meio de repetição ao modo como se apresenta no texto. ","Textos de até 10 linhas, compostos por períodos com intercalações breves, que circulam em qualquer dos campos de atuação.",D13-2EF-CL10,"Localizar informação, recuperando-a por meio de repetição ao modo como se apresenta em verbetes.",x,x,x,,,1.0,"EF15LP03 

",Localizar informações explícitas em textos.(2º ano); Localizar informação explícita.(5oano)
D13-2EF,"Localizar informação em texto de nível 1, recuperando-a por meio de repetição ao modo como se apresenta no texto. ","Textos de até 10 linhas, compostos por períodos com intercalações breves, que circulam em qualquer dos campos de atuação.",D13-2EF-CL11,"Localizar informação, recuperando-a por meio de repetição ao modo como se apresenta em textos de curiosidades.",x,x,x,,,1.0,"EF15LP03 

",Localizar informações explícitas em textos.(2º ano); Localizar informação explícita.(5oano)
D13-3EF,"Localizar informação em texto de nível 1, recuperando-a por meio de paráfrase do modo como se apresenta no texto.","Textos de até 10 linhas, compostos por períodos com intercalações breves, que circulam em qualquer dos campos de atuação.",D13-3EF-CL01,"Localizar informação, recuperando-a por meio de paráfrase ao modo como se apresenta em cartas.",x,x,x,,,1.0,EF15LP03,"Localizar informações explícitas em textos.(2º ano)
Localizar informação explícita.(5oano)
"
D13-3EF,"Localizar informação em texto de nível 1, recuperando-a por meio de paráfrase do modo como se apresenta no texto.","Textos de até 10 linhas, compostos por períodos com intercalações breves, que circulam em qualquer dos campos de atuação.",D13-3EF-CL02,"Localizar informação, recuperando-a por meio de paráfrase ao modo como se apresenta em cardápio.",x,x,x,,,1.0,EF15LP03,"Localizar informações explícitas em textos.(2º ano)
Localizar informação explícita.(5oano)
"
D13-3EF,"Localizar informação em texto de nível 1, recuperando-a por meio de paráfrase do modo como se apresenta no texto.","Textos de até 10 linhas, compostos por períodos com intercalações breves, que circulam em qualquer dos campos de atuação.",D13-3EF-CL03,"Localizar informação, recuperando-a por meio de paráfrase ao modo como se apresenta em receita.",x,x,x,,,1.0,EF15LP03,"Localizar informações explícitas em textos.(2º ano)
Localizar informação explícita.(5oano)
"
D13-3EF,"Localizar informação em texto de nível 1, recuperando-a por meio de paráfrase do modo como se apresenta no texto.","Textos de até 10 linhas, compostos por períodos com intercalações breves, que circulam em qualquer dos campos de atuação.",D13-3EF-CL04,"Localizar informação, recuperando-a por meio de paráfrase ao modo como se apresenta em regra de jogo/brincadeira.",x,x,x,,,1.0,EF15LP03,"Localizar informações explícitas em textos.(2º ano)
Localizar informação explícita.(5oano)
"
D13-3EF,"Localizar informação em texto de nível 1, recuperando-a por meio de paráfrase do modo como se apresenta no texto.","Textos de até 10 linhas, compostos por períodos com intercalações breves, que circulam em qualquer dos campos de atuação.",D13-3EF-CL05,"Localizar informação, recuperando-a por meio de paráfrase ao modo como se apresenta em contos infantis.",x,x,x,,,1.0,EF15LP03,"Localizar informações explícitas em textos.(2º ano)
Localizar informação explícita.(5oano)
"
D13-3EF,"Localizar informação em texto de nível 1, recuperando-a por meio de paráfrase do modo como se apresenta no texto.","Textos de até 10 linhas, compostos por períodos com intercalações breves, que circulam em qualquer dos campos de atuação.",D13-3EF-CL06,"Localizar informação, recuperando-a por meio de paráfrase ao modo como se apresenta em fábulas.",x,x,x,,,1.0,EF15LP03,"Localizar informações explícitas em textos.(2º ano)
Localizar informação explícita.(5oano)
"
D13-3EF,"Localizar informação em texto de nível 1, recuperando-a por meio de paráfrase do modo como se apresenta no texto.","Textos de até 10 linhas, compostos por períodos com intercalações breves, que circulam em qualquer dos campos de atuação.",D13-3EF-CL07,"Localizar informação, recuperando-a por meio de paráfrase ao modo como se apresenta em poemas narrativos.",x,x,x,,,1.0,EF15LP03,"Localizar informações explícitas em textos.(2º ano)
Localizar informação explícita.(5oano)
"
D13-3EF,"Localizar informação em texto de nível 1, recuperando-a por meio de paráfrase do modo como se apresenta no texto.","Textos de até 10 linhas, compostos por períodos com intercalações breves, que circulam em qualquer dos campos de atuação.",D13-3EF-CL08,"Localizar informação, recuperando-a por meio de paráfrase ao modo como se apresenta em regras de convivência.",x,x,x,,,1.0,EF15LP03,"Localizar informações explícitas em textos.(2º ano)
Localizar informação explícita.(5oano)
"
D13-3EF,"Localizar informação em texto de nível 1, recuperando-a por meio de paráfrase do modo como se apresenta no texto.","Textos de até 10 linhas, compostos por períodos com intercalações breves, que circulam em qualquer dos campos de atuação.",D13-3EF-CL09,"Localizar informação, recuperando-a por meio de paráfrase ao modo como se apresenta em notícias.",x,x,x,,,1.0,EF15LP03,"Localizar informações explícitas em textos.(2º ano)
Localizar informação explícita.(5oano)
"
D13-3EF,"Localizar informação em texto de nível 1, recuperando-a por meio de paráfrase do modo como se apresenta no texto.","Textos de até 10 linhas, compostos por períodos com intercalações breves, que circulam em qualquer dos campos de atuação.",D13-3EF-CL10,"Localizar informação, recuperando-a por meio de paráfrase ao modo como se apresenta em cartas do leitor.",x,x,x,,,1.0,EF15LP03,"Localizar informações explícitas em textos.(2º ano)
Localizar informação explícita.(5oano)
"
D13-3EF,"Localizar informação em texto de nível 1, recuperando-a por meio de paráfrase do modo como se apresenta no texto.","Textos de até 10 linhas, compostos por períodos com intercalações breves, que circulam em qualquer dos campos de atuação.",D13-3EF-CL11,"Localizar informação, recuperando-a por meio de paráfrase ao modo como se apresenta em verbetes.",x,x,x,,,1.0,EF15LP03,"Localizar informações explícitas em textos.(2º ano)
Localizar informação explícita.(5oano)
"
D13-3EF,"Localizar informação em texto de nível 1, recuperando-a por meio de paráfrase do modo como se apresenta no texto.","Textos de até 10 linhas, compostos por períodos com intercalações breves, que circulam em qualquer dos campos de atuação.",D13-3EF-CL12,"Localizar informação, recuperando-a por meio de paráfrase ao modo como se apresenta em textos de curiosidades.",x,x,x,,,1.0,EF15LP03,"Localizar informações explícitas em textos.(2º ano)
Localizar informação explícita.(5oano)
"
D13-4EF,"Localizar informação em texto de nível 2, recuperando-a por meio de paráfrase do modo como se apresenta no texto.","Textos de até 15 linhas, com períodos de até duas linhas e intercalações breves, de qualquer campo de atuação.",D13-4EF-CL01,"Localizar informação, recuperando-a por meio de paráfrase ao modo como se apresenta em cartas.",x,x,x,x,,1.0,EF15LP03,"Localizar informações explícitas em textos.(2º ano)
Localizar informação explícita.(5oano)
"
D13-4EF,"Localizar informação em texto de nível 2, recuperando-a por meio de paráfrase do modo como se apresenta no texto.","Textos de até 15 linhas, com períodos de até duas linhas e intercalações breves, de qualquer campo de atuação.",D13-4EF-CL02,"Localizar informação, recuperando-a por meio de paráfrase ao modo como se apresenta em diários.",x,x,x,x,,1.0,EF15LP03,"Localizar informações explícitas em textos.(2º ano)
Localizar informação explícita.(5oano)
"
D13-4EF,"Localizar informação em texto de nível 2, recuperando-a por meio de paráfrase do modo como se apresenta no texto.","Textos de até 15 linhas, com períodos de até duas linhas e intercalações breves, de qualquer campo de atuação.",D13-4EF-CL03,"Localizar informação, recuperando-a por meio de paráfrase ao modo como se apresenta em receita.",x,x,x,x,,1.0,EF15LP03,"Localizar informações explícitas em textos.(2º ano)
Localizar informação explícita.(5oano)
"
D13-4EF,"Localizar informação em texto de nível 2, recuperando-a por meio de paráfrase do modo como se apresenta no texto.","Textos de até 15 linhas, com períodos de até duas linhas e intercalações breves, de qualquer campo de atuação.",D13-4EF-CL04,"Localizar informação, recuperando-a por meio de paráfrase ao modo como se apresenta em regra de jogo/brincadeira.",x,x,x,x,,1.0,EF15LP03,"Localizar informações explícitas em textos.(2º ano)
Localizar informação explícita.(5oano)
"
D13-4EF,"Localizar informação em texto de nível 2, recuperando-a por meio de paráfrase do modo como se apresenta no texto.","Textos de até 15 linhas, com períodos de até duas linhas e intercalações breves, de qualquer campo de atuação.",D13-4EF-CL05,"Localizar informação, recuperando-a por meio de paráfrase ao modo como se apresenta em contos infantis.",x,x,x,x,,1.0,EF15LP03,"Localizar informações explícitas em textos.(2º ano)
Localizar informação explícita.(5oano)
"
D13-4EF,"Localizar informação em texto de nível 2, recuperando-a por meio de paráfrase do modo como se apresenta no texto.","Textos de até 15 linhas, com períodos de até duas linhas e intercalações breves, de qualquer campo de atuação.",D13-4EF-CL06,"Localizar informação, recuperando-a por meio de paráfrase ao modo como se apresenta em fábulas.",x,x,x,x,,1.0,EF15LP03,"Localizar informações explícitas em textos.(2º ano)
Localizar informação explícita.(5oano)
"
D13-4EF,"Localizar informação em texto de nível 2, recuperando-a por meio de paráfrase do modo como se apresenta no texto.","Textos de até 15 linhas, com períodos de até duas linhas e intercalações breves, de qualquer campo de atuação.",D13-4EF-CL07,"Localizar informação, recuperando-a por meio de paráfrase ao modo como se apresenta em poemas narrativos.",x,x,x,x,,1.0,EF15LP03,"Localizar informações explícitas em textos.(2º ano)
Localizar informação explícita.(5oano)
"
D13-4EF,"Localizar informação em texto de nível 2, recuperando-a por meio de paráfrase do modo como se apresenta no texto.","Textos de até 15 linhas, com períodos de até duas linhas e intercalações breves, de qualquer campo de atuação.",D13-4EF-CL08,"Localizar informação, recuperando-a por meio de paráfrase ao modo como se apresenta em estatutos e leis adaptados ao público infantil.",x,x,x,x,,1.0,EF15LP03,"Localizar informações explícitas em textos.(2º ano)
Localizar informação explícita.(5oano)
"
D13-4EF,"Localizar informação em texto de nível 2, recuperando-a por meio de paráfrase do modo como se apresenta no texto.","Textos de até 15 linhas, com períodos de até duas linhas e intercalações breves, de qualquer campo de atuação.",D13-4EF-CL09,"Localizar informação, recuperando-a por meio de paráfrase ao modo como se apresenta em notícias.",x,x,x,x,,1.0,EF15LP03,"Localizar informações explícitas em textos.(2º ano)
Localizar informação explícita.(5oano)
"
D13-4EF,"Localizar informação em texto de nível 2, recuperando-a por meio de paráfrase do modo como se apresenta no texto.","Textos de até 15 linhas, com períodos de até duas linhas e intercalações breves, de qualquer campo de atuação.",D13-4EF-CL10,"Localizar informação, recuperando-a por meio de paráfrase ao modo como se apresenta em verbetes.",x,x,x,x,,1.0,EF15LP03,"Localizar informações explícitas em textos.(2º ano)
Localizar informação explícita.(5oano)
"
D13-4EF,"Localizar informação em texto de nível 2, recuperando-a por meio de paráfrase do modo como se apresenta no texto.","Textos de até 15 linhas, com períodos de até duas linhas e intercalações breves, de qualquer campo de atuação.",D13-4EF-CL11,"Localizar informação, recuperando-a por meio de paráfrase ao modo como se apresenta em textos de curiosidades.",x,x,x,x,,1.0,EF15LP03,"Localizar informações explícitas em textos.(2º ano)
Localizar informação explícita.(5oano)
"
D13-5EF,"Localizar informação em textos de nível 2, quando a informação é retomada, no texto, por um processo de referenciação.","Textos de até 15 linhas, com períodos de até duas linhas e intercalações breves, de qualquer campo de atuação.",D13-5EF-CL01,"Localizar informação, retomada por processo de referenciação em cartas.",x,x,x,x,x,1.0,EF15LP03,"Localizar informações explícitas em textos.(2º ano)
Localizar informação explícita.(5oano)
"
D13-5EF,"Localizar informação em textos de nível 2, quando a informação é retomada, no texto, por um processo de referenciação.","Textos de até 15 linhas, com períodos de até duas linhas e intercalações breves, de qualquer campo de atuação.",D13-5EF-CL02,"Localizar informação, retomada por processo de referenciação, em diários.",x,x,x,x,x,1.0,EF15LP03,"Localizar informações explícitas em textos.(2º ano)
Localizar informação explícita.(5oano)
"
D13-5EF,"Localizar informação em textos de nível 2, quando a informação é retomada, no texto, por um processo de referenciação.","Textos de até 15 linhas, com períodos de até duas linhas e intercalações breves, de qualquer campo de atuação.",D13-5EF-CL03,"Localizar informação, retomada por processo de referenciação, em receita.",x,x,x,x,x,1.0,EF15LP03,"Localizar informações explícitas em textos.(2º ano)
Localizar informação explícita.(5oano)
"
D13-5EF,"Localizar informação em textos de nível 2, quando a informação é retomada, no texto, por um processo de referenciação.","Textos de até 15 linhas, com períodos de até duas linhas e intercalações breves, de qualquer campo de atuação.",D13-5EF-CL04,"Localizar informação, retomada por processo de referenciação, instruções de montagem.",x,x,x,x,x,1.0,EF15LP03,"Localizar informações explícitas em textos.(2º ano)
Localizar informação explícita.(5oano)
"
D13-5EF,"Localizar informação em textos de nível 2, quando a informação é retomada, no texto, por um processo de referenciação.","Textos de até 15 linhas, com períodos de até duas linhas e intercalações breves, de qualquer campo de atuação.",D13-5EF-CL05,"Localizar informação, retomada por processo de referenciação, em contos infantis.",x,x,x,x,x,1.0,EF15LP03,"Localizar informações explícitas em textos.(2º ano)
Localizar informação explícita.(5oano)
"
D13-5EF,"Localizar informação em textos de nível 2, quando a informação é retomada, no texto, por um processo de referenciação.","Textos de até 15 linhas, com períodos de até duas linhas e intercalações breves, de qualquer campo de atuação.",D13-5EF-CL06,"Localizar informação, retomada por processo de referenciação, em fábulas.",x,x,x,x,x,1.0,EF15LP03,"Localizar informações explícitas em textos.(2º ano)
Localizar informação explícita.(5oano)
"
D13-5EF,"Localizar informação em textos de nível 2, quando a informação é retomada, no texto, por um processo de referenciação.","Textos de até 15 linhas, com períodos de até duas linhas e intercalações breves, de qualquer campo de atuação.",D13-5EF-CL07,"Localizar informação, retomada por processo de referenciação, em poemas.",x,x,x,x,x,1.0,EF15LP03,"Localizar informações explícitas em textos.(2º ano)
Localizar informação explícita.(5oano)
"
D13-5EF,"Localizar informação em textos de nível 2, quando a informação é retomada, no texto, por um processo de referenciação.","Textos de até 15 linhas, com períodos de até duas linhas e intercalações breves, de qualquer campo de atuação.",D13-5EF-CL08,"Localizar informação, retomada por processo de referenciação, em estatutos e leis adaptados ao público infantil.",x,x,x,x,x,1.0,EF15LP03,"Localizar informações explícitas em textos.(2º ano)
Localizar informação explícita.(5oano)
"
D13-5EF,"Localizar informação em textos de nível 2, quando a informação é retomada, no texto, por um processo de referenciação.","Textos de até 15 linhas, com períodos de até duas linhas e intercalações breves, de qualquer campo de atuação.",D13-5EF-CL09,"Localizar informação, retomada por processo de referenciação, em notícias.",x,x,x,x,x,1.0,EF15LP03,"Localizar informações explícitas em textos.(2º ano)
Localizar informação explícita.(5oano)
"
D13-5EF,"Localizar informação em textos de nível 2, quando a informação é retomada, no texto, por um processo de referenciação.","Textos de até 15 linhas, com períodos de até duas linhas e intercalações breves, de qualquer campo de atuação.",D13-5EF-CL10,"Localizar informação, retomada por processo de referenciação, em reportagens adaptadas ao público infantil.",x,x,x,x,x,1.0,EF15LP03,"Localizar informações explícitas em textos.(2º ano)
Localizar informação explícita.(5oano)
"
D13-5EF,"Localizar informação em textos de nível 2, quando a informação é retomada, no texto, por um processo de referenciação.","Textos de até 15 linhas, com períodos de até duas linhas e intercalações breves, de qualquer campo de atuação.",D13-5EF-CL11,"Localizar informação, retomada por processo de referenciação, em cartas do leitor.",x,x,x,x,x,1.0,EF15LP03,"Localizar informações explícitas em textos.(2º ano)
Localizar informação explícita.(5oano)
"
D13-5EF,"Localizar informação em textos de nível 2, quando a informação é retomada, no texto, por um processo de referenciação.","Textos de até 15 linhas, com períodos de até duas linhas e intercalações breves, de qualquer campo de atuação.",D13-5EF-CL12,"Localizar informação, retomada por processo de referenciação em verbetes.",x,x,x,x,x,1.0,EF15LP03,"Localizar informações explícitas em textos.(2º ano)
Localizar informação explícita.(5oano)
"
D13-5EF,"Localizar informação em textos de nível 2, quando a informação é retomada, no texto, por um processo de referenciação.","Textos de até 15 linhas, com períodos de até duas linhas e intercalações breves, de qualquer campo de atuação.",D13-5EF-CL13,"Localizar informação, retomada por processo de referenciação, em textos de curiosidades.",x,x,x,x,x,1.0,EF15LP03,"Localizar informações explícitas em textos.(2º ano)
Localizar informação explícita.(5oano)
"
D14-2EF,Reconhecer o assunto de textos de nível 1 nos quais o assunto é apontado pelo título.,"Textos de até 10 linhas, compostos por períodos com intercalações breves, que circulam em qualquer dos campos de atuação.",D14-2EF-CL1,Reconhecer o assunto de contos infantis nos quais o assunto é apontado pelo título do texto.,x,x,x,x,x,1.0,EF35LP03,"Inferir o assunto de um texto (2º ano)
Identificar a ideia central do texto (5º ao 9º ano)
"
D14-2EF,Reconhecer o assunto de textos de nível 1 nos quais o assunto é apontado pelo título.,"Textos de até 10 linhas, compostos por períodos com intercalações breves, que circulam em qualquer dos campos de atuação.",D14-2EF-CL2,Reconhecer o assunto de notícias quando o assunto é apontado pela manchete.,x,x,x,x,x,1.0,EF35LP03,"Inferir o assunto de um texto (2º ano)
Identificar a ideia central do texto (5º ao 9º ano)
"
D14-2EF,Reconhecer o assunto de textos de nível 1 nos quais o assunto é apontado pelo título.,"Textos de até 10 linhas, compostos por períodos com intercalações breves, que circulam em qualquer dos campos de atuação.",D14-2EF-CL3,Reconhecer o assunto de textos de curiosidades quando o assunto é apontado pelo título do texto.,x,x,x,x,x,1.0,EF35LP03,"Inferir o assunto de um texto (2º ano)
Identificar a ideia central do texto (5º ao 9º ano)
"
D14-3EF,Reconhecer o assunto de textos de nível 1 nos quais o assunto é tópico do primeiro parágrafo do texto.,"Textos de até 10 linhas, compostos por períodos com intercalações breves, que circulam em qualquer dos campos de atuação.",D14-3EF-CL1,Reconhecer o assunto de contos infantis nos quais o assunto é tópico do primeiro parágrafo do texto.,x,x,x,x,x,1.0,EF35LP03,"Inferir o assunto de um texto (2º ano);
Identificar a ideia central do texto (5º ao 9º ano)
"
D14-3EF,Reconhecer o assunto de textos de nível 1 nos quais o assunto é tópico do primeiro parágrafo do texto.,"Textos de até 10 linhas, compostos por períodos com intercalações breves, que circulam em qualquer dos campos de atuação.",D14-3EF-CL2,Reconhecer o assunto de fábulas nas quais o assunto é tópico do primeiro parágrafo do texto ou está expresso na “moral da história”.,x,x,x,x,x,1.0,EF35LP03,"Inferir o assunto de um texto (2º ano);
Identificar a ideia central do texto (5º ao 9º ano)
"
D14-3EF,Reconhecer o assunto de textos de nível 1 nos quais o assunto é tópico do primeiro parágrafo do texto.,"Textos de até 10 linhas, compostos por períodos com intercalações breves, que circulam em qualquer dos campos de atuação.",D14-3EF-CL3,Reconhecer o assunto de notícias quando o assunto é apontado pela manchete.,x,x,x,x,x,1.0,EF35LP03,"Inferir o assunto de um texto (2º ano);
Identificar a ideia central do texto (5º ao 9º ano)
"
D14-3EF,Reconhecer o assunto de textos de nível 1 nos quais o assunto é tópico do primeiro parágrafo do texto.,"Textos de até 10 linhas, compostos por períodos com intercalações breves, que circulam em qualquer dos campos de atuação.",D14-3EF-CL4,Reconhecer o assunto de textos de curiosidades quando o assunto é tópico do primeiro parágrafo do texto.,x,x,x,x,x,1.0,EF35LP03,"Inferir o assunto de um texto (2º ano);
Identificar a ideia central do texto (5º ao 9º ano)
"
D14-3EF,Reconhecer o assunto de textos de nível 1 nos quais o assunto é tópico do primeiro parágrafo do texto.,"Textos de até 10 linhas, compostos por períodos com intercalações breves, que circulam em qualquer dos campos de atuação.",D14-4EF-CL1,Reconhecer o assunto de contos infantis nos quais o assunto é apontado indiretamente pelo título e/ou é tópico do primeiro parágrafo do texto.,x,x,x,x,x,1.0,EF35LP03,"Inferir o assunto de um texto (2º ano);
Identificar a ideia central do texto (5º ao 9º ano)
"
D14-3EF,Reconhecer o assunto de textos de nível 1 nos quais o assunto é tópico do primeiro parágrafo do texto.,"Textos de até 10 linhas, compostos por períodos com intercalações breves, que circulam em qualquer dos campos de atuação.",D14-4EF-CL2,Reconhecer o assunto de fábulas nas quais o assunto é apontado indiretamente pelo título e/ou é tópico do primeiro parágrafo do texto.,x,x,x,x,x,1.0,EF35LP03,"Inferir o assunto de um texto (2º ano);
Identificar a ideia central do texto (5º ao 9º ano)
"
D14-3EF,Reconhecer o assunto de textos de nível 1 nos quais o assunto é tópico do primeiro parágrafo do texto.,"Textos de até 10 linhas, compostos por períodos com intercalações breves, que circulam em qualquer dos campos de atuação.",D14-4EF-CL3,Reconhecer o assunto de notícias quando o assunto é apontado indiretamente pela manchete e/ou é tópico do primeiro parágrafo do texto.,x,x,x,x,x,1.0,EF35LP03,"Inferir o assunto de um texto (2º ano);
Identificar a ideia central do texto (5º ao 9º ano)
"
D14-3EF,Reconhecer o assunto de textos de nível 1 nos quais o assunto é tópico do primeiro parágrafo do texto.,"Textos de até 10 linhas, compostos por períodos com intercalações breves, que circulam em qualquer dos campos de atuação.",D14-4EF-CL4,Reconhecer o assunto de textos de curiosidades quando o assunto é apontado indiretamente pelo título e/ou é tópico do primeiro parágrafo do texto.,x,x,x,x,x,1.0,EF35LP03,"Inferir o assunto de um texto (2º ano);
Identificar a ideia central do texto (5º ao 9º ano)
"
D14-4EF,Reconhecer o assunto de textos de nível 2 nos quais o assunto é apontado indiretamente pelo título e/ ou é tópico do primeiro parágrafo do texto.,"Textos de até 15 linhas, com períodos de até duas linhas e intercalações breves, do campo de atuação artístico literário, da vida pública ou de estudos e pesquisas.",D14-4EF-CL1,Reconhecer o assunto de contos infantis nos quais o assunto é apontado indiretamente pelo título e/ou é tópico do primeiro parágrafo do texto.,x,x,x,x,x,1.0,EF35LP03,"Inferir o assunto de um texto (2º ano)
Identificar a ideia central do texto (5º ao 9º ano)
"
D14-4EF,Reconhecer o assunto de textos de nível 2 nos quais o assunto é apontado indiretamente pelo título e/ ou é tópico do primeiro parágrafo do texto.,"Textos de até 15 linhas, com períodos de até duas linhas e intercalações breves, do campo de atuação artístico literário, da vida pública ou de estudos e pesquisas.",D14-4EF-CL2,Reconhecer o assunto de fábulas nas quais o assunto é apontado indiretamente pelo título e/ou é tópico do primeiro parágrafo do texto.,x,x,x,x,x,1.0,EF35LP03,"Inferir o assunto de um texto (2º ano)
Identificar a ideia central do texto (5º ao 9º ano)
"
D14-4EF,Reconhecer o assunto de textos de nível 2 nos quais o assunto é apontado indiretamente pelo título e/ ou é tópico do primeiro parágrafo do texto.,"Textos de até 15 linhas, com períodos de até duas linhas e intercalações breves, do campo de atuação artístico literário, da vida pública ou de estudos e pesquisas.",D14-4EF-CL3,Reconhecer o assunto de notícias quando o assunto é apontado indiretamente pela manchete e/ou é tópico do primeiro parágrafo do texto.,x,x,x,x,x,1.0,EF35LP03,"Inferir o assunto de um texto (2º ano)
Identificar a ideia central do texto (5º ao 9º ano)
"
D14-4EF,Reconhecer o assunto de textos de nível 2 nos quais o assunto é apontado indiretamente pelo título e/ ou é tópico do primeiro parágrafo do texto.,"Textos de até 15 linhas, com períodos de até duas linhas e intercalações breves, do campo de atuação artístico literário, da vida pública ou de estudos e pesquisas.",D14-4EF-CL4,Reconhecer o assunto de textos de curiosidades quando o assunto é apontado indiretamente pelo título e/ou é tópico do primeiro parágrafo do texto.,x,x,x,x,x,1.0,EF35LP03,"Inferir o assunto de um texto (2º ano)
Identificar a ideia central do texto (5º ao 9º ano)
"
D14-5EF,Reconhecer o assunto de textos de nível 2 nos quais tal reconhecimento requeira a leitura global do texto.,"Textos de até 15 linhas, com períodos de até duas linhas e intercalações breves, do campo de atuação artístico literário, da vida pública ou de estudos e pesquisas.",D14-5EF-CL1,Reconhecer o assunto de contos infantis com base na leitura global do texto.,x,x,x,x,x,1.0,EF35LP05,"Inferir o sentido de palavras ou
expressões em textos (5º ao 9º ano)
"
D14-5EF,Reconhecer o assunto de textos de nível 2 nos quais tal reconhecimento requeira a leitura global do texto.,"Textos de até 15 linhas, com períodos de até duas linhas e intercalações breves, do campo de atuação artístico literário, da vida pública ou de estudos e pesquisas.",D14-5EF-CL2,Reconhecer o assunto de fábulas com base no sentido global do texto.,x,x,x,x,x,1.0,EF35LP05,"Inferir o sentido de palavras ou
expressões em textos (5º ao 9º ano)
"
D14-5EF,Reconhecer o assunto de textos de nível 2 nos quais tal reconhecimento requeira a leitura global do texto.,"Textos de até 15 linhas, com períodos de até duas linhas e intercalações breves, do campo de atuação artístico literário, da vida pública ou de estudos e pesquisas.",D14-5EF-CL3,Reconhecer o assunto de notícias com base no sentido global do texto.,x,x,x,x,x,1.0,EF35LP05,"Inferir o sentido de palavras ou
expressões em textos (5º ao 9º ano)
"
D14-5EF,Reconhecer o assunto de textos de nível 2 nos quais tal reconhecimento requeira a leitura global do texto.,"Textos de até 15 linhas, com períodos de até duas linhas e intercalações breves, do campo de atuação artístico literário, da vida pública ou de estudos e pesquisas.",D14-5EF-CL4,Reconhecer o assunto de reportagens adaptadas ao público infantil quando o assunto é apontado indiretamente pelo título da e/ou é tópico do primeiro parágrafo do texto. com base no sentido global do texto.,x,x,x,x,x,1.0,EF35LP05,"Inferir o sentido de palavras ou
expressões em textos (5º ao 9º ano)
"
D14-5EF,Reconhecer o assunto de textos de nível 2 nos quais tal reconhecimento requeira a leitura global do texto.,"Textos de até 15 linhas, com períodos de até duas linhas e intercalações breves, do campo de atuação artístico literário, da vida pública ou de estudos e pesquisas.",D14-5EF-CL5,Reconhecer o assunto de textos de curiosidades com base no sentido global do texto.,x,x,x,x,x,1.0,EF35LP05,"Inferir o sentido de palavras ou
expressões em textos (5º ao 9º ano)
"
D14-5EF,Reconhecer o assunto de textos de nível 2 nos quais tal reconhecimento requeira a leitura global do texto.,"Textos de até 15 linhas, com períodos de até duas linhas e intercalações breves, do campo de atuação artístico literário, da vida pública ou de estudos e pesquisas.",D14-5EF-CL6,Reconhecer o assunto de artigos adaptados ao público infantil com base no sentido global do texto.,x,x,x,x,x,1.0,EF35LP05,"Inferir o sentido de palavras ou
expressões em textos (5º ao 9º ano)
"
D15-2EF,"Inferir o sentido de palavra ou  expressão idiomática própria da linguagem informal, em texto de nível 1, com base em pistas co-textuais (sinonímia, palavra do mesmo campo semântico).","Textos de até 10 linhas, compostos por períodos com intercalações breves, que circulam em qualquer dos campos de atuação.",D15-2EF-CL01,"Inferir o sentido de palavra ou expressão idiomática própria da linguagem informal, com base em pistas co-textuais (sinonímia, palavra do mesmo campo semântico), em cartas.",x,x,x,x,x,1.0,EF35LP05 ,"Inferir o sentido de palavras ou
expressões em textos (5º ao 9º ano)
"
D15-2EF,"Inferir o sentido de palavra ou  expressão idiomática própria da linguagem informal, em texto de nível 1, com base em pistas co-textuais (sinonímia, palavra do mesmo campo semântico).","Textos de até 10 linhas, compostos por períodos com intercalações breves, que circulam em qualquer dos campos de atuação.",D15-2EF-CL02,"Inferir o sentido de palavra ou expressão idiomática própria da linguagem informal, com base em pistas co-textuais (sinonímia, palavra do mesmo campo semântico), em cardápio.",x,x,x,x,x,1.0,EF35LP05 ,"Inferir o sentido de palavras ou
expressões em textos (5º ao 9º ano)
"
D15-2EF,"Inferir o sentido de palavra ou  expressão idiomática própria da linguagem informal, em texto de nível 1, com base em pistas co-textuais (sinonímia, palavra do mesmo campo semântico).","Textos de até 10 linhas, compostos por períodos com intercalações breves, que circulam em qualquer dos campos de atuação.",D15-2EF-CL03,"Inferir o sentido de palavra ou expressão idiomática própria da linguagem informal, com base em pistas co-textuais (sinonímia, palavra do mesmo campo semântico), em receita.",x,x,x,x,x,1.0,EF35LP05 ,"Inferir o sentido de palavras ou
expressões em textos (5º ao 9º ano)
"
D15-2EF,"Inferir o sentido de palavra ou  expressão idiomática própria da linguagem informal, em texto de nível 1, com base em pistas co-textuais (sinonímia, palavra do mesmo campo semântico).","Textos de até 10 linhas, compostos por períodos com intercalações breves, que circulam em qualquer dos campos de atuação.",D15-2EF-CL04,"Inferir o sentido de palavra ou expressão idiomática própria da linguagem informal, com base em pistas co-textuais (sinonímia, palavra do mesmo campo semântico), em regra de jogo/brincadeira.",x,x,x,x,x,1.0,EF35LP05 ,"Inferir o sentido de palavras ou
expressões em textos (5º ao 9º ano)
"
D15-2EF,"Inferir o sentido de palavra ou  expressão idiomática própria da linguagem informal, em texto de nível 1, com base em pistas co-textuais (sinonímia, palavra do mesmo campo semântico).","Textos de até 10 linhas, compostos por períodos com intercalações breves, que circulam em qualquer dos campos de atuação.",D15-2EF-CL05,"Inferir o sentido de palavra ou expressão idiomática própria da linguagem informal, com base em pistas co-textuais (sinonímia, palavra do mesmo campo semântico), em contos infantis.",x,x,x,x,x,1.0,EF35LP05 ,"Inferir o sentido de palavras ou
expressões em textos (5º ao 9º ano)
"
D15-2EF,"Inferir o sentido de palavra ou  expressão idiomática própria da linguagem informal, em texto de nível 1, com base em pistas co-textuais (sinonímia, palavra do mesmo campo semântico).","Textos de até 10 linhas, compostos por períodos com intercalações breves, que circulam em qualquer dos campos de atuação.",D15-2EF-CL06,"Inferir o sentido de palavra ou expressão idiomática própria da linguagem informal, com base em pistas co-textuais (sinonímia, palavra do mesmo campo semântico), em fábulas.",x,x,x,x,x,1.0,EF35LP05 ,"Inferir o sentido de palavras ou
expressões em textos (5º ao 9º ano)
"
D15-2EF,"Inferir o sentido de palavra ou  expressão idiomática própria da linguagem informal, em texto de nível 1, com base em pistas co-textuais (sinonímia, palavra do mesmo campo semântico).","Textos de até 10 linhas, compostos por períodos com intercalações breves, que circulam em qualquer dos campos de atuação.",D15-2EF-CL07,"Inferir o sentido de palavra ou expressão idiomática própria da linguagem informal, com base em pistas co-textuais (sinonímia, palavra do mesmo campo semântico), em poemas narrativos.",x,x,x,x,x,1.0,EF35LP05 ,"Inferir o sentido de palavras ou
expressões em textos (5º ao 9º ano)
"
D15-2EF,"Inferir o sentido de palavra ou  expressão idiomática própria da linguagem informal, em texto de nível 1, com base em pistas co-textuais (sinonímia, palavra do mesmo campo semântico).","Textos de até 10 linhas, compostos por períodos com intercalações breves, que circulam em qualquer dos campos de atuação.",D15-2EF-CL08,"Inferir o sentido de palavra ou expressão idiomática própria da linguagem informal, com base em pistas co-textuais (sinonímia, palavra do mesmo campo semântico), em regras de convivência.",x,x,x,x,x,1.0,EF35LP05 ,"Inferir o sentido de palavras ou
expressões em textos (5º ao 9º ano)
"
D15-2EF,"Inferir o sentido de palavra ou  expressão idiomática própria da linguagem informal, em texto de nível 1, com base em pistas co-textuais (sinonímia, palavra do mesmo campo semântico).","Textos de até 10 linhas, compostos por períodos com intercalações breves, que circulam em qualquer dos campos de atuação.",D15-2EF-CL09,"Inferir o sentido de palavra ou expressão idiomática própria da linguagem informal, com base em pistas co-textuais (sinonímia, palavra do mesmo campo semântico), em notícias.",x,x,x,x,x,1.0,EF35LP05 ,"Inferir o sentido de palavras ou
expressões em textos (5º ao 9º ano)
"
D15-2EF,"Inferir o sentido de palavra ou  expressão idiomática própria da linguagem informal, em texto de nível 1, com base em pistas co-textuais (sinonímia, palavra do mesmo campo semântico).","Textos de até 10 linhas, compostos por períodos com intercalações breves, que circulam em qualquer dos campos de atuação.",D15-2EF-CL10,"Inferir o sentido de palavra ou expressão idiomática própria da linguagem informal, com base em pistas co-textuais (sinonímia, palavra do mesmo campo semântico), em verbetes.",x,x,x,x,x,1.0,EF35LP05 ,"Inferir o sentido de palavras ou
expressões em textos (5º ao 9º ano)
"
D15-2EF,"Inferir o sentido de palavra ou  expressão idiomática própria da linguagem informal, em texto de nível 1, com base em pistas co-textuais (sinonímia, palavra do mesmo campo semântico).","Textos de até 10 linhas, compostos por períodos com intercalações breves, que circulam em qualquer dos campos de atuação.",D15-2EF-CL11,"Inferir o sentido de palavra ou expressão idiomática própria da linguagem informal, com base em pistas co-textuais (sinonímia, palavra do mesmo campo semântico), em textos de curiosidades.",x,x,x,x,x,1.0,EF35LP05 ,"Inferir o sentido de palavras ou
expressões em textos (5º ao 9º ano)
"
D15-3EF,"Inferir o sentido de palavra pouco usual ou expressão metafórica, em textos de nível 1, com base em pistas co-textuais (sinonímia, palavra do mesmo campo semântico ou enunciado que permita dedução do sentido da palavra ou expressão).","Textos de até 10 linhas, compostos por períodos com intercalações breves, que circulam em qualquer dos campos de atuação.",D15-3EF-CL01,"Inferir o sentido de palavra pouco usual ou expressão metafórica, com base em pistas co-textuais (sinonímia, palavra do mesmo campo semântico ou enunciado que permita dedução do sentido da palavra ou expressão), em cartas.",x,x,x,x,x,1.0,EF35LP05,"Inferir o sentido de palavras ou
expressões em textos (5º ao 9º ano)
"
D15-3EF,"Inferir o sentido de palavra pouco usual ou expressão metafórica, em textos de nível 1, com base em pistas co-textuais (sinonímia, palavra do mesmo campo semântico ou enunciado que permita dedução do sentido da palavra ou expressão).","Textos de até 10 linhas, compostos por períodos com intercalações breves, que circulam em qualquer dos campos de atuação.",D15-3EF-CL02,"Inferir o sentido de palavra pouco usual ou expressão metafórica, com base em pistas co-textuais (sinonímia, palavra do mesmo campo semântico ou enunciado que permita dedução do sentido da palavra ou expressão), em cardápio.",x,x,x,x,x,1.0,EF35LP05,"Inferir o sentido de palavras ou
expressões em textos (5º ao 9º ano)
"
D15-3EF,"Inferir o sentido de palavra pouco usual ou expressão metafórica, em textos de nível 1, com base em pistas co-textuais (sinonímia, palavra do mesmo campo semântico ou enunciado que permita dedução do sentido da palavra ou expressão).","Textos de até 10 linhas, compostos por períodos com intercalações breves, que circulam em qualquer dos campos de atuação.",D15-3EF-CL03,"Inferir o sentido de palavra pouco usual ou expressão metafórica, com base em pistas co-textuais (sinonímia, palavra do mesmo campo semântico ou enunciado que permita dedução do sentido da palavra ou expressão), em receita.",x,x,x,x,x,1.0,EF35LP05,"Inferir o sentido de palavras ou
expressões em textos (5º ao 9º ano)
"
D15-3EF,"Inferir o sentido de palavra pouco usual ou expressão metafórica, em textos de nível 1, com base em pistas co-textuais (sinonímia, palavra do mesmo campo semântico ou enunciado que permita dedução do sentido da palavra ou expressão).","Textos de até 10 linhas, compostos por períodos com intercalações breves, que circulam em qualquer dos campos de atuação.",D15-3EF-CL04,"Inferir o sentido de palavra pouco usual ou expressão metafórica, com base em pistas co-textuais (sinonímia, palavra do mesmo campo semântico ou enunciado que permita dedução do sentido da palavra ou expressão), em regra de jogo/brincadeira.",x,x,x,x,x,1.0,EF35LP05,"Inferir o sentido de palavras ou
expressões em textos (5º ao 9º ano)
"
D15-3EF,"Inferir o sentido de palavra pouco usual ou expressão metafórica, em textos de nível 1, com base em pistas co-textuais (sinonímia, palavra do mesmo campo semântico ou enunciado que permita dedução do sentido da palavra ou expressão).","Textos de até 10 linhas, compostos por períodos com intercalações breves, que circulam em qualquer dos campos de atuação.",D15-3EF-CL05,"Inferir o sentido de palavra pouco usual ou expressão metafórica, com base em pistas co-textuais (sinonímia, palavra do mesmo campo semântico ou enunciado que permita dedução do sentido da palavra ou expressão), em contos infantis.",x,x,x,x,x,1.0,EF35LP05,"Inferir o sentido de palavras ou
expressões em textos (5º ao 9º ano)
"
D15-3EF,"Inferir o sentido de palavra pouco usual ou expressão metafórica, em textos de nível 1, com base em pistas co-textuais (sinonímia, palavra do mesmo campo semântico ou enunciado que permita dedução do sentido da palavra ou expressão).","Textos de até 10 linhas, compostos por períodos com intercalações breves, que circulam em qualquer dos campos de atuação.",D15-3EF-CL06,"Inferir o sentido de palavra pouco usual ou expressão metafórica, com base em pistas co-textuais (sinonímia, palavra do mesmo campo semântico ou enunciado que permita dedução do sentido da palavra ou expressão), em fábulas.",x,x,x,x,x,1.0,EF35LP05,"Inferir o sentido de palavras ou
expressões em textos (5º ao 9º ano)
"
D15-3EF,"Inferir o sentido de palavra pouco usual ou expressão metafórica, em textos de nível 1, com base em pistas co-textuais (sinonímia, palavra do mesmo campo semântico ou enunciado que permita dedução do sentido da palavra ou expressão).","Textos de até 10 linhas, compostos por períodos com intercalações breves, que circulam em qualquer dos campos de atuação.",D15-3EF-CL07,"Inferir o sentido de palavra pouco usual ou expressão metafórica, com base em pistas co-textuais (sinonímia, palavra do mesmo campo semântico ou enunciado que permita dedução do sentido da palavra ou expressão), em poemas narrativos.",x,x,x,x,x,1.0,EF35LP05,"Inferir o sentido de palavras ou
expressões em textos (5º ao 9º ano)
"
D15-3EF,"Inferir o sentido de palavra pouco usual ou expressão metafórica, em textos de nível 1, com base em pistas co-textuais (sinonímia, palavra do mesmo campo semântico ou enunciado que permita dedução do sentido da palavra ou expressão).","Textos de até 10 linhas, compostos por períodos com intercalações breves, que circulam em qualquer dos campos de atuação.",D15-3EF-CL08,"Inferir o sentido de palavra pouco usual ou expressão metafórica, com base em pistas co-textuais (sinonímia, palavra do mesmo campo semântico ou enunciado que permita dedução do sentido da palavra ou expressão), em regras de convivência.",x,x,x,x,x,1.0,EF35LP05,"Inferir o sentido de palavras ou
expressões em textos (5º ao 9º ano)
"
D15-3EF,"Inferir o sentido de palavra pouco usual ou expressão metafórica, em textos de nível 1, com base em pistas co-textuais (sinonímia, palavra do mesmo campo semântico ou enunciado que permita dedução do sentido da palavra ou expressão).","Textos de até 10 linhas, compostos por períodos com intercalações breves, que circulam em qualquer dos campos de atuação.",D15-3EF-CL09,"Inferir o sentido de palavra pouco usual ou expressão metafórica, com base em pistas co-textuais (sinonímia, palavra do mesmo campo semântico ou enunciado que permita dedução do sentido da palavra ou expressão), em notícias.",x,x,x,x,x,1.0,EF35LP05,"Inferir o sentido de palavras ou
expressões em textos (5º ao 9º ano)
"
D15-3EF,"Inferir o sentido de palavra pouco usual ou expressão metafórica, em textos de nível 1, com base em pistas co-textuais (sinonímia, palavra do mesmo campo semântico ou enunciado que permita dedução do sentido da palavra ou expressão).","Textos de até 10 linhas, compostos por períodos com intercalações breves, que circulam em qualquer dos campos de atuação.",D15-3EF-CL10,"Inferir o sentido de palavra pouco usual ou expressão metafórica, com base em pistas co-textuais (sinonímia, palavra do mesmo campo semântico ou enunciado que permita dedução do sentido da palavra ou expressão), em cartas do leitor.",x,x,x,x,x,1.0,EF35LP05,"Inferir o sentido de palavras ou
expressões em textos (5º ao 9º ano)
"
D15-3EF,"Inferir o sentido de palavra pouco usual ou expressão metafórica, em textos de nível 1, com base em pistas co-textuais (sinonímia, palavra do mesmo campo semântico ou enunciado que permita dedução do sentido da palavra ou expressão).","Textos de até 10 linhas, compostos por períodos com intercalações breves, que circulam em qualquer dos campos de atuação.",D15-3EF-CL11,"Inferir o sentido de palavra pouco usual ou expressão metafórica, com base em pistas co-textuais (sinonímia, palavra do mesmo campo semântico ou enunciado que permita dedução do sentido da palavra ou expressão), em verbetes.",x,x,x,x,x,1.0,EF35LP05,"Inferir o sentido de palavras ou
expressões em textos (5º ao 9º ano)
"
D15-3EF,"Inferir o sentido de palavra pouco usual ou expressão metafórica, em textos de nível 1, com base em pistas co-textuais (sinonímia, palavra do mesmo campo semântico ou enunciado que permita dedução do sentido da palavra ou expressão).","Textos de até 10 linhas, compostos por períodos com intercalações breves, que circulam em qualquer dos campos de atuação.",D15-3EF-CL12,"Inferir o sentido de palavra pouco usual ou expressão metafórica, com base em pistas co-textuais (sinonímia, palavra do mesmo campo semântico ou enunciado que permita dedução do sentido da palavra ou expressão), em textos de curiosidades.",x,x,x,x,x,1.0,EF35LP05,"Inferir o sentido de palavras ou
expressões em textos (5º ao 9º ano)
"
D15-4EF,Inferir o sentido de metáforas poéticas em textos de nível 2.,"Textos de até 15 linhas, com períodos de até duas linhas e intercalações breves, do campo de atuação artístico literário.",D15-4EF-CL01,Inferir o sentido de metáforas poéticas em contos infantis.,x,x,x,x,x,1.0,EF35LP05,"Inferir o sentido de palavras ou
expressões em textos (5º ao 9º ano
"
D15-4EF,Inferir o sentido de metáforas poéticas em textos de nível 2.,"Textos de até 15 linhas, com períodos de até duas linhas e intercalações breves, do campo de atuação artístico literário.",D15-4EF-CL02,Inferir o sentido de metáforas poéticas em fábulas.,x,x,x,x,x,1.0,EF35LP05,"Inferir o sentido de palavras ou
expressões em textos (5º ao 9º ano
"
D15-4EF,Inferir o sentido de metáforas poéticas em textos de nível 2.,"Textos de até 15 linhas, com períodos de até duas linhas e intercalações breves, do campo de atuação artístico literário.",D15-4EF-CL03,Inferir o sentido de metáforas poéticas em poemas.,x,x,x,x,x,1.0,EF35LP05,"Inferir o sentido de palavras ou
expressões em textos (5º ao 9º ano
"
D15-4EF,Inferir o sentido de metáforas poéticas em textos de nível 2.,"Textos de até 15 linhas, com períodos de até duas linhas e intercalações breves, do campo de atuação artístico literário.",D15-4EF-CL04,Inferir o sentido de metáforas poéticas em textos teatrais.,x,x,x,x,x,1.0,EF35LP05,"Inferir o sentido de palavras ou
expressões em textos (5º ao 9º ano
"
D15-5EF,"Inferir o sentido de palavra ou expressão idiomática e outras expressões metafóricas, em texto de nível 2,  sem apoio em pistas co-textuais.","Textos de até 15 linhas, com períodos de até duas linhas e intercalações breves, dos campos de atuação artístico literário, da vida pública ou de estudos e pesquisas.",D15-5EF-CL01,"Inferir o sentido de palavra ou expressão idiomática e outras expressões metafóricas, sem apoio em pistas co-textuais, em cartas.",x,x,x,x,x,1.0,EF35LP05,"Inferir o sentido de palavras ou
expressões em textos (5º ao 9º ano)
"
D15-5EF,"Inferir o sentido de palavra ou expressão idiomática e outras expressões metafóricas, em texto de nível 2,  sem apoio em pistas co-textuais.","Textos de até 15 linhas, com períodos de até duas linhas e intercalações breves, dos campos de atuação artístico literário, da vida pública ou de estudos e pesquisas.",D15-5EF-CL02,"Inferir o sentido de palavra ou expressão idiomática e outras expressões metafóricas, sem apoio em pistas co-textuais, em diários.",x,x,x,x,x,1.0,EF35LP05,"Inferir o sentido de palavras ou
expressões em textos (5º ao 9º ano)
"
D15-5EF,"Inferir o sentido de palavra ou expressão idiomática e outras expressões metafóricas, em texto de nível 2,  sem apoio em pistas co-textuais.","Textos de até 15 linhas, com períodos de até duas linhas e intercalações breves, dos campos de atuação artístico literário, da vida pública ou de estudos e pesquisas.",D15-5EF-CL03,"Inferir o sentido de palavra ou expressão idiomática e outras expressões metafóricas, sem apoio em pistas co-textuais, em receita.",x,x,x,x,x,1.0,EF35LP05,"Inferir o sentido de palavras ou
expressões em textos (5º ao 9º ano)
"
D15-5EF,"Inferir o sentido de palavra ou expressão idiomática e outras expressões metafóricas, em texto de nível 2,  sem apoio em pistas co-textuais.","Textos de até 15 linhas, com períodos de até duas linhas e intercalações breves, dos campos de atuação artístico literário, da vida pública ou de estudos e pesquisas.",D15-5EF-CL04,"Inferir o sentido de palavra ou expressão idiomática e outras expressões metafóricas, sem apoio em pistas co-textuais, em instruções de montagem.",x,x,x,x,x,1.0,EF35LP05,"Inferir o sentido de palavras ou
expressões em textos (5º ao 9º ano)
"
D15-5EF,"Inferir o sentido de palavra ou expressão idiomática e outras expressões metafóricas, em texto de nível 2,  sem apoio em pistas co-textuais.","Textos de até 15 linhas, com períodos de até duas linhas e intercalações breves, dos campos de atuação artístico literário, da vida pública ou de estudos e pesquisas.",D15-5EF-CL05,"Inferir o sentido de palavra ou expressão idiomática e outras expressões metafóricas, sem apoio em pistas co-textuais, em contos infantis.",x,x,x,x,x,1.0,EF35LP05,"Inferir o sentido de palavras ou
expressões em textos (5º ao 9º ano)
"
D15-5EF,"Inferir o sentido de palavra ou expressão idiomática e outras expressões metafóricas, em texto de nível 2,  sem apoio em pistas co-textuais.","Textos de até 15 linhas, com períodos de até duas linhas e intercalações breves, dos campos de atuação artístico literário, da vida pública ou de estudos e pesquisas.",D15-5EF-CL06,"Inferir o sentido de palavra ou expressão idiomática e outras expressões metafóricas, sem apoio em pistas co-textuais, em fábulas.",x,x,x,x,x,1.0,EF35LP05,"Inferir o sentido de palavras ou
expressões em textos (5º ao 9º ano)
"
D15-5EF,"Inferir o sentido de palavra ou expressão idiomática e outras expressões metafóricas, em texto de nível 2,  sem apoio em pistas co-textuais.","Textos de até 15 linhas, com períodos de até duas linhas e intercalações breves, dos campos de atuação artístico literário, da vida pública ou de estudos e pesquisas.",D15-5EF-CL07,"Inferir o sentido de palavra ou expressão idiomática e outras expressões metafóricas, sem apoio em pistas co-textuais, em poemas.",x,x,x,x,x,1.0,EF35LP05,"Inferir o sentido de palavras ou
expressões em textos (5º ao 9º ano)
"
D15-5EF,"Inferir o sentido de palavra ou expressão idiomática e outras expressões metafóricas, em texto de nível 2,  sem apoio em pistas co-textuais.","Textos de até 15 linhas, com períodos de até duas linhas e intercalações breves, dos campos de atuação artístico literário, da vida pública ou de estudos e pesquisas.",D15-5EF-CL08,"Inferir o sentido de palavra ou expressão idiomática e outras expressões metafóricas, sem apoio em pistas co-textuais, em estatutos e leis adaptados ao público infantil.",x,x,x,x,x,1.0,EF35LP05,"Inferir o sentido de palavras ou
expressões em textos (5º ao 9º ano)
"
D15-5EF,"Inferir o sentido de palavra ou expressão idiomática e outras expressões metafóricas, em texto de nível 2,  sem apoio em pistas co-textuais.","Textos de até 15 linhas, com períodos de até duas linhas e intercalações breves, dos campos de atuação artístico literário, da vida pública ou de estudos e pesquisas.",D15-5EF-CL09,"Inferir o sentido de palavra ou expressão idiomática e outras expressões metafóricas, sem apoio em pistas co-textuais, em notícias.",x,x,x,x,x,1.0,EF35LP05,"Inferir o sentido de palavras ou
expressões em textos (5º ao 9º ano)
"
D15-5EF,"Inferir o sentido de palavra ou expressão idiomática e outras expressões metafóricas, em texto de nível 2,  sem apoio em pistas co-textuais.","Textos de até 15 linhas, com períodos de até duas linhas e intercalações breves, dos campos de atuação artístico literário, da vida pública ou de estudos e pesquisas.",D15-5EF-CL10,"Inferir o sentido de palavra ou expressão idiomática e outras expressões metafóricas, sem apoio em pistas co-textuais, em reportagens adaptadas ao público infantil.",x,x,x,x,x,1.0,EF35LP05,"Inferir o sentido de palavras ou
expressões em textos (5º ao 9º ano)
"
D15-5EF,"Inferir o sentido de palavra ou expressão idiomática e outras expressões metafóricas, em texto de nível 2,  sem apoio em pistas co-textuais.","Textos de até 15 linhas, com períodos de até duas linhas e intercalações breves, dos campos de atuação artístico literário, da vida pública ou de estudos e pesquisas.",D15-5EF-CL11,"Inferir o sentido de palavra ou expressão idiomática e outras expressões metafóricas, sem apoio em pistas co-textuais, em cartas do leitor.",x,x,x,x,x,1.0,EF35LP05,"Inferir o sentido de palavras ou
expressões em textos (5º ao 9º ano)
"
D15-5EF,"Inferir o sentido de palavra ou expressão idiomática e outras expressões metafóricas, em texto de nível 2,  sem apoio em pistas co-textuais.","Textos de até 15 linhas, com períodos de até duas linhas e intercalações breves, dos campos de atuação artístico literário, da vida pública ou de estudos e pesquisas.",D15-5EF-CL12,"Inferir o sentido de palavra ou expressão idiomática e outras expressões metafóricas, sem apoio em pistas co-textuais, em verbetes.",x,x,x,x,x,1.0,EF35LP05,"Inferir o sentido de palavras ou
expressões em textos (5º ao 9º ano)
"
D15-5EF,"Inferir o sentido de palavra ou expressão idiomática e outras expressões metafóricas, em texto de nível 2,  sem apoio em pistas co-textuais.","Textos de até 15 linhas, com períodos de até duas linhas e intercalações breves, dos campos de atuação artístico literário, da vida pública ou de estudos e pesquisas.",D13-5EF-CL13,"Inferir o sentido de palavra ou expressão idiomática e outras expressões metafóricas, sem apoio em pistas co-textuais, em textos de curiosidades.",x,x,x,x,x,1.0,EF35LP05,"Inferir o sentido de palavras ou
expressões em textos (5º ao 9º ano)
"
D16-2EF,"Inferir informação, em texto de nível 1, com base numa palavra-chave.","Textos de até 10 linhas, compostos por períodos com intercalações breves, que circulam em qualquer dos campos de atuação.",D16-2EF-CL01,Inferir informação com base numa palavra-chave em cartas.,x,x,x,x,x,1.0,EF35LP04,"Inferir informações em textos verbais.(2º. Ano)
Inferir informações implícitas em
textos. (5º ao 9º ano)
"
D16-2EF,"Inferir informação, em texto de nível 1, com base numa palavra-chave.","Textos de até 10 linhas, compostos por períodos com intercalações breves, que circulam em qualquer dos campos de atuação.",D16-2EF-CL02,Inferir informação com base numa palavra-chave em cardápio.,x,x,x,x,x,1.0,EF35LP04,"Inferir informações em textos verbais.(2º. Ano)
Inferir informações implícitas em
textos. (5º ao 9º ano)
"
D16-2EF,"Inferir informação, em texto de nível 1, com base numa palavra-chave.","Textos de até 10 linhas, compostos por períodos com intercalações breves, que circulam em qualquer dos campos de atuação.",D16-2EF-CL03,Inferir informação com base numa palavra-chave em receita.,x,x,x,x,x,1.0,EF35LP04,"Inferir informações em textos verbais.(2º. Ano)
Inferir informações implícitas em
textos. (5º ao 9º ano)
"
D16-2EF,"Inferir informação, em texto de nível 1, com base numa palavra-chave.","Textos de até 10 linhas, compostos por períodos com intercalações breves, que circulam em qualquer dos campos de atuação.",D16-2EF-CL04,Inferir informação com base numa palavra-chave a em regra de jogo/brincadeira.,x,x,x,x,x,1.0,EF35LP04,"Inferir informações em textos verbais.(2º. Ano)
Inferir informações implícitas em
textos. (5º ao 9º ano)
"
D16-2EF,"Inferir informação, em texto de nível 1, com base numa palavra-chave.","Textos de até 10 linhas, compostos por períodos com intercalações breves, que circulam em qualquer dos campos de atuação.",D16-2EF-CL05,Inferir informação com base numa palavra-chave em contos infantis.,x,x,x,x,x,1.0,EF35LP04,"Inferir informações em textos verbais.(2º. Ano)
Inferir informações implícitas em
textos. (5º ao 9º ano)
"
D16-2EF,"Inferir informação, em texto de nível 1, com base numa palavra-chave.","Textos de até 10 linhas, compostos por períodos com intercalações breves, que circulam em qualquer dos campos de atuação.",D16-2EF-CL06,Inferir informação com base numa palavra-chave em fábulas.,x,x,x,x,x,1.0,EF35LP04,"Inferir informações em textos verbais.(2º. Ano)
Inferir informações implícitas em
textos. (5º ao 9º ano)
"
D16-2EF,"Inferir informação, em texto de nível 1, com base numa palavra-chave.","Textos de até 10 linhas, compostos por períodos com intercalações breves, que circulam em qualquer dos campos de atuação.",D16-2EF-CL07,Inferir informação com base numa palavra-chave em poemas narrativos.,x,x,x,x,x,1.0,EF35LP04,"Inferir informações em textos verbais.(2º. Ano)
Inferir informações implícitas em
textos. (5º ao 9º ano)
"
D16-2EF,"Inferir informação, em texto de nível 1, com base numa palavra-chave.","Textos de até 10 linhas, compostos por períodos com intercalações breves, que circulam em qualquer dos campos de atuação.",D16-2EF-CL08,Inferir informação com base numa palavra-chave em regras de convivência.,x,x,x,x,x,1.0,EF35LP04,"Inferir informações em textos verbais.(2º. Ano)
Inferir informações implícitas em
textos. (5º ao 9º ano)
"
D16-2EF,"Inferir informação, em texto de nível 1, com base numa palavra-chave.","Textos de até 10 linhas, compostos por períodos com intercalações breves, que circulam em qualquer dos campos de atuação.",D16-2EF-CL09,Inferir informação com base numa palavra-chave em notícias.,x,x,x,x,x,1.0,EF35LP04,"Inferir informações em textos verbais.(2º. Ano)
Inferir informações implícitas em
textos. (5º ao 9º ano)
"
D16-2EF,"Inferir informação, em texto de nível 1, com base numa palavra-chave.","Textos de até 10 linhas, compostos por períodos com intercalações breves, que circulam em qualquer dos campos de atuação.",D13-2EF-CL11,Inferir informação com base numa palavra-chave em textos de curiosidades.,x,x,x,x,x,1.0,EF35LP04,"Inferir informações em textos verbais.(2º. Ano)
Inferir informações implícitas em
textos. (5º ao 9º ano)
"
D16-3EF,"Inferir informação, em texto de nível 1,  com base numa paráfrase, na dedução a partir de um enunciado ou na conexão entre enunciados.","Textos de até 10 linhas, compostos por períodos com intercalações breves, que circulam em qualquer dos campos de atuação.",D16-3EF-CL01,"Inferir informação, com base numa paráfrase, na dedução a partir de um enunciado ou na conexão entre enunciados, em cartas.",x,x,x,x,x,1.0,EF35LP04,"Inferir informações em textos verbais.(2º. Ano)
Inferir informações implícitas em
textos. (5º ao 9º ano)
"
D16-3EF,"Inferir informação, em texto de nível 1,  com base numa paráfrase, na dedução a partir de um enunciado ou na conexão entre enunciados.","Textos de até 10 linhas, compostos por períodos com intercalações breves, que circulam em qualquer dos campos de atuação.",D16-3EF-CL02,"Inferir informação, com base numa paráfrase, na dedução a partir de um enunciado ou na conexão entre enunciados, em cardápio.",x,x,x,x,x,1.0,EF35LP04,"Inferir informações em textos verbais.(2º. Ano)
Inferir informações implícitas em
textos. (5º ao 9º ano)
"
D16-3EF,"Inferir informação, em texto de nível 1,  com base numa paráfrase, na dedução a partir de um enunciado ou na conexão entre enunciados.","Textos de até 10 linhas, compostos por períodos com intercalações breves, que circulam em qualquer dos campos de atuação.",D16-3EF-CL03,"Inferir informação, com base numa paráfrase, na dedução a partir de um enunciado ou na conexão entre enunciados, em receita.",x,x,x,x,x,1.0,EF35LP04,"Inferir informações em textos verbais.(2º. Ano)
Inferir informações implícitas em
textos. (5º ao 9º ano)
"
D16-3EF,"Inferir informação, em texto de nível 1,  com base numa paráfrase, na dedução a partir de um enunciado ou na conexão entre enunciados.","Textos de até 10 linhas, compostos por períodos com intercalações breves, que circulam em qualquer dos campos de atuação.",D16-3EF-CL04,"Inferir informação, com base numa paráfrase, na dedução a partir de um enunciado ou na conexão entre enunciados, regra de jogo/brincadeira.",x,x,x,x,x,1.0,EF35LP04,"Inferir informações em textos verbais.(2º. Ano)
Inferir informações implícitas em
textos. (5º ao 9º ano)
"
D16-3EF,"Inferir informação, em texto de nível 1,  com base numa paráfrase, na dedução a partir de um enunciado ou na conexão entre enunciados.","Textos de até 10 linhas, compostos por períodos com intercalações breves, que circulam em qualquer dos campos de atuação.",D16-3EF-CL05,"Inferir informação, com base numa paráfrase, na dedução a partir de um enunciado ou na conexão entre enunciados, em contos infantis.",x,x,x,x,x,1.0,EF35LP04,"Inferir informações em textos verbais.(2º. Ano)
Inferir informações implícitas em
textos. (5º ao 9º ano)
"
D16-3EF,"Inferir informação, em texto de nível 1,  com base numa paráfrase, na dedução a partir de um enunciado ou na conexão entre enunciados.","Textos de até 10 linhas, compostos por períodos com intercalações breves, que circulam em qualquer dos campos de atuação.",D16-3EF-CL06,"Inferir informação, com base numa paráfrase, na dedução a partir de um enunciado ou na conexão entre enunciados, em fábulas.",x,x,x,x,x,1.0,EF35LP04,"Inferir informações em textos verbais.(2º. Ano)
Inferir informações implícitas em
textos. (5º ao 9º ano)
"
D16-3EF,"Inferir informação, em texto de nível 1,  com base numa paráfrase, na dedução a partir de um enunciado ou na conexão entre enunciados.","Textos de até 10 linhas, compostos por períodos com intercalações breves, que circulam em qualquer dos campos de atuação.",D16-3EF-CL07,"Inferir informação, com base numa paráfrase, na dedução a partir de um enunciado ou na conexão entre enunciados, em poemas narrativos.",x,x,x,x,x,1.0,EF35LP04,"Inferir informações em textos verbais.(2º. Ano)
Inferir informações implícitas em
textos. (5º ao 9º ano)
"
D16-3EF,"Inferir informação, em texto de nível 1,  com base numa paráfrase, na dedução a partir de um enunciado ou na conexão entre enunciados.","Textos de até 10 linhas, compostos por períodos com intercalações breves, que circulam em qualquer dos campos de atuação.",D16-3EF-CL08,"Inferir informação, com base numa paráfrase, na dedução a partir de um enunciado ou na conexão entre enunciados, em regras de convivência.",x,x,x,x,x,1.0,EF35LP04,"Inferir informações em textos verbais.(2º. Ano)
Inferir informações implícitas em
textos. (5º ao 9º ano)
"
D16-3EF,"Inferir informação, em texto de nível 1,  com base numa paráfrase, na dedução a partir de um enunciado ou na conexão entre enunciados.","Textos de até 10 linhas, compostos por períodos com intercalações breves, que circulam em qualquer dos campos de atuação.",D16-3EF-CL09,"Inferir informação, com base numa paráfrase, na dedução a partir de um enunciado ou na conexão entre enunciados, em notícias.",x,x,x,x,x,1.0,EF35LP04,"Inferir informações em textos verbais.(2º. Ano)
Inferir informações implícitas em
textos. (5º ao 9º ano)
"
D16-3EF,"Inferir informação, em texto de nível 1,  com base numa paráfrase, na dedução a partir de um enunciado ou na conexão entre enunciados.","Textos de até 10 linhas, compostos por períodos com intercalações breves, que circulam em qualquer dos campos de atuação.",D16-3EF-CL10,"Inferir informação, com base numa paráfrase, na dedução a partir de um enunciado ou na conexão entre enunciados, em cartas do leitor.",x,x,x,x,x,1.0,EF35LP04,"Inferir informações em textos verbais.(2º. Ano)
Inferir informações implícitas em
textos. (5º ao 9º ano)
"
D16-3EF,"Inferir informação, em texto de nível 1,  com base numa paráfrase, na dedução a partir de um enunciado ou na conexão entre enunciados.","Textos de até 10 linhas, compostos por períodos com intercalações breves, que circulam em qualquer dos campos de atuação.",D16-3EF-CL11,"Inferir informação, com base numa paráfrase, na dedução a partir de um enunciado ou na conexão entre enunciados, em textos de curiosidades.",x,x,x,x,x,1.0,EF35LP04,"Inferir informações em textos verbais.(2º. Ano)
Inferir informações implícitas em
textos. (5º ao 9º ano)
"
D16-4EF,"
Inferir informação, em texto de nível 2,  com base numa paráfrase, na dedução a partir de um enunciado ou na conexão entre enunciados.","Textos de até 15 linhas, com períodos de até duas linhas e intercalações breves, pertencente a qualquer campo de atuação.",D16-4EF-CL01,Inferir informação com base na conexão entre enunciados ou no sentido global de uma carta.,x,x,x,x,x,1.0,EF35LP04,"Inferir informações em textos verbais.(2º. Ano)
Inferir informações implícitas em
textos. (5º ao 9º ano)
"
D16-4EF,"
Inferir informação, em texto de nível 2,  com base numa paráfrase, na dedução a partir de um enunciado ou na conexão entre enunciados.","Textos de até 15 linhas, com períodos de até duas linhas e intercalações breves, pertencente a qualquer campo de atuação.",D16-4EF-CL02,Inferir informação com base na conexão entre enunciados ou no sentido global de um período de um diário.,x,x,x,x,x,1.0,EF35LP04,"Inferir informações em textos verbais.(2º. Ano)
Inferir informações implícitas em
textos. (5º ao 9º ano)
"
D16-4EF,"
Inferir informação, em texto de nível 2,  com base numa paráfrase, na dedução a partir de um enunciado ou na conexão entre enunciados.","Textos de até 15 linhas, com períodos de até duas linhas e intercalações breves, pertencente a qualquer campo de atuação.",D16-4EF-CL03,Inferir informação com base na conexão entre enunciados ou no sentido global de um período de uma receita.,x,x,x,x,x,1.0,EF35LP04,"Inferir informações em textos verbais.(2º. Ano)
Inferir informações implícitas em
textos. (5º ao 9º ano)
"
D16-4EF,"
Inferir informação, em texto de nível 2,  com base numa paráfrase, na dedução a partir de um enunciado ou na conexão entre enunciados.","Textos de até 15 linhas, com períodos de até duas linhas e intercalações breves, pertencente a qualquer campo de atuação.",D16-4EF-CL04,Inferir informação com base na conexão entre enunciados ou no sentido global de um período de regra de jogo/brincadeira.,x,x,x,x,x,1.0,EF35LP04,"Inferir informações em textos verbais.(2º. Ano)
Inferir informações implícitas em
textos. (5º ao 9º ano)
"
D16-4EF,"
Inferir informação, em texto de nível 2,  com base numa paráfrase, na dedução a partir de um enunciado ou na conexão entre enunciados.","Textos de até 15 linhas, com períodos de até duas linhas e intercalações breves, pertencente a qualquer campo de atuação.",D16-4EF-CL05,Inferir informação com base na conexão entre enunciados ou no sentido global de um período de um conto infantil.,x,x,x,x,x,1.0,EF35LP04,"Inferir informações em textos verbais.(2º. Ano)
Inferir informações implícitas em
textos. (5º ao 9º ano)
"
D16-4EF,"
Inferir informação, em texto de nível 2,  com base numa paráfrase, na dedução a partir de um enunciado ou na conexão entre enunciados.","Textos de até 15 linhas, com períodos de até duas linhas e intercalações breves, pertencente a qualquer campo de atuação.",D16-4EF-CL06,Inferir informação com base na conexão entre enunciados ou no sentido global de um período de uma fábula.,x,x,x,x,x,1.0,EF35LP04,"Inferir informações em textos verbais.(2º. Ano)
Inferir informações implícitas em
textos. (5º ao 9º ano)
"
D16-4EF,"
Inferir informação, em texto de nível 2,  com base numa paráfrase, na dedução a partir de um enunciado ou na conexão entre enunciados.","Textos de até 15 linhas, com períodos de até duas linhas e intercalações breves, pertencente a qualquer campo de atuação.",D16-4EF-CL07,Inferir informação com base na conexão entre enunciados ou no sentido global de um período de um poema.,x,x,x,x,x,1.0,EF35LP04,"Inferir informações em textos verbais.(2º. Ano)
Inferir informações implícitas em
textos. (5º ao 9º ano)
"
D16-4EF,"
Inferir informação, em texto de nível 2,  com base numa paráfrase, na dedução a partir de um enunciado ou na conexão entre enunciados.","Textos de até 15 linhas, com períodos de até duas linhas e intercalações breves, pertencente a qualquer campo de atuação.",D16-4EF-CL08,Inferir informação com base na conexão entre enunciados ou no sentido global de um período de estatutos e leis adaptados ao público infantil.,x,x,x,x,x,1.0,EF35LP04,"Inferir informações em textos verbais.(2º. Ano)
Inferir informações implícitas em
textos. (5º ao 9º ano)
"
D16-4EF,"
Inferir informação, em texto de nível 2,  com base numa paráfrase, na dedução a partir de um enunciado ou na conexão entre enunciados.","Textos de até 15 linhas, com períodos de até duas linhas e intercalações breves, pertencente a qualquer campo de atuação.",D16-4EF-CL09,Inferir informação com base na conexão entre enunciados ou no sentido global de um período de uma notícia.,x,x,x,x,x,1.0,EF35LP04,"Inferir informações em textos verbais.(2º. Ano)
Inferir informações implícitas em
textos. (5º ao 9º ano)
"
D16-4EF,"
Inferir informação, em texto de nível 2,  com base numa paráfrase, na dedução a partir de um enunciado ou na conexão entre enunciados.","Textos de até 15 linhas, com períodos de até duas linhas e intercalações breves, pertencente a qualquer campo de atuação.",D16-4EF-CL10,Inferir informação com base na conexão entre enunciados ou no sentido global de um período de uma carta do leitor.,x,x,x,x,x,1.0,EF35LP04,"Inferir informações em textos verbais.(2º. Ano)
Inferir informações implícitas em
textos. (5º ao 9º ano)
"
D16-4EF,"
Inferir informação, em texto de nível 2,  com base numa paráfrase, na dedução a partir de um enunciado ou na conexão entre enunciados.","Textos de até 15 linhas, com períodos de até duas linhas e intercalações breves, pertencente a qualquer campo de atuação.",D16-4EF-CL11,Inferir informação com base na conexão entre enunciados ou no sentido global de um texto de curiosidades.,x,x,x,x,x,1.0,EF35LP04,"Inferir informações em textos verbais.(2º. Ano)
Inferir informações implícitas em
textos. (5º ao 9º ano)
"
D16-5EF,Inferir informação com base no sentido global de um texto de nível 2.,"Textos de até 15 linhas, com períodos de até duas linhas e intercalações breves, pertencente a qualquer campo de atuação.",D16-5EF-CL01,Inferir informação com base no sentido global de uma carta.,x,x,x,x,x,1.0,EF35LP04,"Inferir informações em textos verbais.(2º. Ano)
Inferir informações implícitas em
textos. (5º ao 9º ano)
"
D16-5EF,Inferir informação com base no sentido global de um texto de nível 2.,"Textos de até 15 linhas, com períodos de até duas linhas e intercalações breves, pertencente a qualquer campo de atuação.",D16-5EF-CL02,Inferir informação com base no sentido global de um texto de diário.,x,x,x,x,x,1.0,EF35LP04,"Inferir informações em textos verbais.(2º. Ano)
Inferir informações implícitas em
textos. (5º ao 9º ano)
"
D16-5EF,Inferir informação com base no sentido global de um texto de nível 2.,"Textos de até 15 linhas, com períodos de até duas linhas e intercalações breves, pertencente a qualquer campo de atuação.",D16-5EF-CL03,Inferir informação com base no sentido global de um conto infantil.,x,x,x,x,x,1.0,EF35LP04,"Inferir informações em textos verbais.(2º. Ano)
Inferir informações implícitas em
textos. (5º ao 9º ano)
"
D16-5EF,Inferir informação com base no sentido global de um texto de nível 2.,"Textos de até 15 linhas, com períodos de até duas linhas e intercalações breves, pertencente a qualquer campo de atuação.",D13-5EF-CL04,Inferir informação com base no sentido global de uma fábula.,x,x,x,x,x,1.0,EF35LP04,"Inferir informações em textos verbais.(2º. Ano)
Inferir informações implícitas em
textos. (5º ao 9º ano)
"
D16-5EF,Inferir informação com base no sentido global de um texto de nível 2.,"Textos de até 15 linhas, com períodos de até duas linhas e intercalações breves, pertencente a qualquer campo de atuação.",D16-5EF-CL05,Inferir informação com base no sentido global de um poema.,x,x,x,x,x,1.0,EF35LP04,"Inferir informações em textos verbais.(2º. Ano)
Inferir informações implícitas em
textos. (5º ao 9º ano)
"
D16-5EF,Inferir informação com base no sentido global de um texto de nível 2.,"Textos de até 15 linhas, com períodos de até duas linhas e intercalações breves, pertencente a qualquer campo de atuação.",D16-5EF-CL06,Inferir informação com base no sentido global de estatutos e leis adaptados ao público infantil.,x,x,x,x,x,1.0,EF35LP04,"Inferir informações em textos verbais.(2º. Ano)
Inferir informações implícitas em
textos. (5º ao 9º ano)
"
D16-5EF,Inferir informação com base no sentido global de um texto de nível 2.,"Textos de até 15 linhas, com períodos de até duas linhas e intercalações breves, pertencente a qualquer campo de atuação.",D16-5EF-CL07,Inferir informação com base no sentido global de uma notícia.,x,x,x,x,x,1.0,EF35LP04,"Inferir informações em textos verbais.(2º. Ano)
Inferir informações implícitas em
textos. (5º ao 9º ano)
"
D16-5EF,Inferir informação com base no sentido global de um texto de nível 2.,"Textos de até 15 linhas, com períodos de até duas linhas e intercalações breves, pertencente a qualquer campo de atuação.",D16-5EF-CL8,Inferir informação com base no sentido global de um reportagem adaptada ao público infantil.,x,x,x,x,x,1.0,EF35LP04,"Inferir informações em textos verbais.(2º. Ano)
Inferir informações implícitas em
textos. (5º ao 9º ano)
"
D16-5EF,Inferir informação com base no sentido global de um texto de nível 2.,"Textos de até 15 linhas, com períodos de até duas linhas e intercalações breves, pertencente a qualquer campo de atuação.",D16-5EF-CL09,Inferir informação com base no sentido global de uma carta do leitor.,x,x,x,x,x,1.0,EF35LP04,"Inferir informações em textos verbais.(2º. Ano)
Inferir informações implícitas em
textos. (5º ao 9º ano)
"
D16-5EF,Inferir informação com base no sentido global de um texto de nível 2.,"Textos de até 15 linhas, com períodos de até duas linhas e intercalações breves, pertencente a qualquer campo de atuação.",D16-5EF-CL10,Inferir informação com base no sentido global de um texto de curiosidades.,x,x,x,x,x,1.0,EF35LP04,"Inferir informações em textos verbais.(2º. Ano)
Inferir informações implícitas em
textos. (5º ao 9º ano)
"
D17-1EF,Identificar a finalidade de textos de nível 1 que circulam no campo de atuação da vida cotidiana e que têm a função de estabelecer comunicação interpessoal.,"Textos de até 8 linhas, composto por períodos simples, sem intercalações, que circulam no campo de atuação da vida cotidiana.",D17-1EF-CL01,Identificar a finalidade de um bilhete.,x,x,x,x,x,1.0,EF15LP01,Reconhecer a finalidade de um texto (2º ano).
D17-1EF,Identificar a finalidade de textos de nível 1 que circulam no campo de atuação da vida cotidiana e que têm a função de estabelecer comunicação interpessoal.,"Textos de até 8 linhas, composto por períodos simples, sem intercalações, que circulam no campo de atuação da vida cotidiana.",D17-1EF-CL02,Identificar a finalidade de um convite. ,x,x,x,x,x,1.0,EF15LP01,Reconhecer a finalidade de um texto (2º ano).
D17-1EF,Identificar a finalidade de textos de nível 1 que circulam no campo de atuação da vida cotidiana e que têm a função de estabelecer comunicação interpessoal.,"Textos de até 8 linhas, composto por períodos simples, sem intercalações, que circulam no campo de atuação da vida cotidiana.",D17-1EF–CL03,Identificar a finalidade de um aviso.,x,x,x,x,x,1.0,EF15LP01,Reconhecer a finalidade de um texto (2º ano).
D17-2EF, Identificar a finalidade de textos de nível 1 dos campos de atuação da vida cotidiana que têm função mnemônica ou de divertir o leitor.,"Textos de até 8 linhas, composto por períodos simples, sem intercalações, que circulam no campo de atuação da vida cotidiana.",D17-2EF–CL01,Identificar a finalidade de uma lista.,x,x,x,x,x,1.0,EF15LP01,Reconhecer a finalidade de um texto (2º ano).
D17-2EF, Identificar a finalidade de textos de nível 1 dos campos de atuação da vida cotidiana que têm função mnemônica ou de divertir o leitor.,"Textos de até 8 linhas, composto por períodos simples, sem intercalações, que circulam no campo de atuação da vida cotidiana.",D17-2EF–CL02,Identificar a finalidade de uma agenda.,x,x,x,x,x,1.0,EF15LP01,Reconhecer a finalidade de um texto (2º ano).
D17-2EF, Identificar a finalidade de textos de nível 1 dos campos de atuação da vida cotidiana que têm função mnemônica ou de divertir o leitor.,"Textos de até 8 linhas, composto por períodos simples, sem intercalações, que circulam no campo de atuação da vida cotidiana.",D17-2EF–CL03,Identificar a finalidade de uma anedota ou piada.,x,x,x,x,x,1.0,EF15LP01,Reconhecer a finalidade de um texto (2º ano).
D17-3EF, Identificar a finalidade de textos injuntivos de nível 1 ou que circulam no campo de atuação da vida cotidiana ou da vida pública.,"Textos de até 10 linhas, compostos por períodos com intercalações breves, que circulam nos campos de atuação da vida cotidiana ou da vida pública.",D17-3EF–CL01,Identificar a finalidade de receita culinária.,x,x,x,x,x,1.0,EF15LP01,Reconhecer a finalidade de um texto (2º ano).
D17-3EF, Identificar a finalidade de textos injuntivos de nível 1 ou que circulam no campo de atuação da vida cotidiana ou da vida pública.,"Textos de até 10 linhas, compostos por períodos com intercalações breves, que circulam nos campos de atuação da vida cotidiana ou da vida pública.",D17-3EF–CL02,Identificar a finalidade de regras de jogos/brincadeiras.,x,x,x,x,x,1.0,EF15LP01,Reconhecer a finalidade de um texto (2º ano).
D17-3EF, Identificar a finalidade de textos injuntivos de nível 1 ou que circulam no campo de atuação da vida cotidiana ou da vida pública.,"Textos de até 10 linhas, compostos por períodos com intercalações breves, que circulam nos campos de atuação da vida cotidiana ou da vida pública.",D17-3EF–CL03,Identificar a finalidade de orientar quanto à confecção de um objeto.,x,x,x,x,x,1.0,EF15LP01,Reconhecer a finalidade de um texto (2º ano).
D17-3EF, Identificar a finalidade de textos injuntivos de nível 1 ou que circulam no campo de atuação da vida cotidiana ou da vida pública.,"Textos de até 10 linhas, compostos por períodos com intercalações breves, que circulam nos campos de atuação da vida cotidiana ou da vida pública.",D17-3EF–CL04,Identificar a finalidade de uma notícia.,x,x,x,x,x,1.0,EF15LP01,Reconhecer a finalidade de um texto (2º ano).
D17-3EF, Identificar a finalidade de textos injuntivos de nível 1 ou que circulam no campo de atuação da vida cotidiana ou da vida pública.,"Textos de até 10 linhas, compostos por períodos com intercalações breves, que circulam nos campos de atuação da vida cotidiana ou da vida pública.",D17-3EF–CL05,Identificar a finalidade de combinados ou regras de convivência.,x,x,x,x,x,1.0,EF15LP01,Reconhecer a finalidade de um texto (2º ano).
D17-3EF, Identificar a finalidade de textos injuntivos de nível 1 ou que circulam no campo de atuação da vida cotidiana ou da vida pública.,"Textos de até 10 linhas, compostos por períodos com intercalações breves, que circulam nos campos de atuação da vida cotidiana ou da vida pública.",D17-3EF–CL06,Identificar a finalidade de campanhas de conscientização.,x,x,x,x,x,1.0,EF15LP01,Reconhecer a finalidade de um texto (2º ano).
D17-3EF, Identificar a finalidade de textos injuntivos de nível 1 ou que circulam no campo de atuação da vida cotidiana ou da vida pública.,"Textos de até 10 linhas, compostos por períodos com intercalações breves, que circulam nos campos de atuação da vida cotidiana ou da vida pública.",D17-3EF–CL07,Identificar a finalidade de anúncios publicitários.,x,x,x,x,x,1.0,EF15LP01,Reconhecer a finalidade de um texto (2º ano).
D17-4EF,"Identificar a finalidade de textos de nível 2 que circulam no campo de atuação da vida cotidiana, da vida pública ou de estudos e pesquisas.","Textos de até 15 linhas, com períodos de até duas linhas e intercalações breves, pertencente ao campo de atuação da vida cotidiana, da vida pública ou de estudos e pesquisas.",D17-4EF–CL01,Identificar a finalidade de cartas.,x,x,x,x,x,1.0,EF15LP01,Reconhecer a finalidade de um texto (2º ano).
D17-4EF,"Identificar a finalidade de textos de nível 2 que circulam no campo de atuação da vida cotidiana, da vida pública ou de estudos e pesquisas.","Textos de até 15 linhas, com períodos de até duas linhas e intercalações breves, pertencente ao campo de atuação da vida cotidiana, da vida pública ou de estudos e pesquisas.",D17-4EF–CL02,Identificar a finalidade de diários.,x,x,x,x,x,1.0,EF15LP01,Reconhecer a finalidade de um texto (2º ano).
D17-4EF,"Identificar a finalidade de textos de nível 2 que circulam no campo de atuação da vida cotidiana, da vida pública ou de estudos e pesquisas.","Textos de até 15 linhas, com períodos de até duas linhas e intercalações breves, pertencente ao campo de atuação da vida cotidiana, da vida pública ou de estudos e pesquisas.",D17-4EF–CL03,Identificar a finalidade de notícias.,x,x,x,x,x,1.0,EF15LP01,Reconhecer a finalidade de um texto (2º ano).
D17-4EF,"Identificar a finalidade de textos de nível 2 que circulam no campo de atuação da vida cotidiana, da vida pública ou de estudos e pesquisas.","Textos de até 15 linhas, com períodos de até duas linhas e intercalações breves, pertencente ao campo de atuação da vida cotidiana, da vida pública ou de estudos e pesquisas.",D17-4EF–CL04,Identificar a finalidade de leis ou estatutos adaptados ao público infantil.,x,x,x,x,x,1.0,EF15LP01,Reconhecer a finalidade de um texto (2º ano).
D17-4EF,"Identificar a finalidade de textos de nível 2 que circulam no campo de atuação da vida cotidiana, da vida pública ou de estudos e pesquisas.","Textos de até 15 linhas, com períodos de até duas linhas e intercalações breves, pertencente ao campo de atuação da vida cotidiana, da vida pública ou de estudos e pesquisas.",D17-4EF–CL05,Identificar a finalidade de campanhas de conscientização.,x,x,x,x,x,1.0,EF15LP01,Reconhecer a finalidade de um texto (2º ano).
D17-4EF,"Identificar a finalidade de textos de nível 2 que circulam no campo de atuação da vida cotidiana, da vida pública ou de estudos e pesquisas.","Textos de até 15 linhas, com períodos de até duas linhas e intercalações breves, pertencente ao campo de atuação da vida cotidiana, da vida pública ou de estudos e pesquisas.",D17-4EF–CL06,Identificar a finalidade de cartas do leitor.,x,x,x,x,x,1.0,EF15LP01,Reconhecer a finalidade de um texto (2º ano).
D17-4EF,"Identificar a finalidade de textos de nível 2 que circulam no campo de atuação da vida cotidiana, da vida pública ou de estudos e pesquisas.","Textos de até 15 linhas, com períodos de até duas linhas e intercalações breves, pertencente ao campo de atuação da vida cotidiana, da vida pública ou de estudos e pesquisas.",D17-4EF–CL07,Identificar a finalidade de textos de curiosidades científicas.,x,x,x,x,x,1.0,EF15LP01,Reconhecer a finalidade de um texto (2º ano).
D17-5EF,"Identificar a finalidade de textos de nível 2 que circulam no campo de atuação artístico literário, da vida pública ou de estudos e pesquisas.","Textos de até 15 linhas, com períodos de até duas linhas e intercalações breves, pertencente ao campo de atuação artístico-literário, da vida pública ou de estudos e pesquisas.",D17-5EF–CL01,Identificar a finalidade de textos dramáticos.,x,x,x,x,x,1.0,EF15LP01,"Analisar elementos constitutivos
 de gêneros textuais diversos.[1]"
D17-5EF,"Identificar a finalidade de textos de nível 2 que circulam no campo de atuação artístico literário, da vida pública ou de estudos e pesquisas.","Textos de até 15 linhas, com períodos de até duas linhas e intercalações breves, pertencente ao campo de atuação artístico-literário, da vida pública ou de estudos e pesquisas.",D17-5EF–CL02,Identificar a finalidade de biografias (romanceadas ou não).,x,x,x,x,x,1.0,EF15LP01,"Analisar elementos constitutivos
 de gêneros textuais diversos.[1]"
D17-5EF,"Identificar a finalidade de textos de nível 2 que circulam no campo de atuação artístico literário, da vida pública ou de estudos e pesquisas.","Textos de até 15 linhas, com períodos de até duas linhas e intercalações breves, pertencente ao campo de atuação artístico-literário, da vida pública ou de estudos e pesquisas.",D17-5EF–CL03,Identificar a finalidade de leis e estatutos adaptados ao público infanto-juvenil.,x,x,x,x,x,1.0,EF15LP01,"Analisar elementos constitutivos
 de gêneros textuais diversos.[1]"
D17-5EF,"Identificar a finalidade de textos de nível 2 que circulam no campo de atuação artístico literário, da vida pública ou de estudos e pesquisas.","Textos de até 15 linhas, com períodos de até duas linhas e intercalações breves, pertencente ao campo de atuação artístico-literário, da vida pública ou de estudos e pesquisas.",D17-5EF–CL04,Identificar a finalidade de reportagens adaptadas ao público infanto-juvenil.,x,x,x,x,x,1.0,EF15LP01,"Analisar elementos constitutivos
 de gêneros textuais diversos.[1]"
D17-5EF,"Identificar a finalidade de textos de nível 2 que circulam no campo de atuação artístico literário, da vida pública ou de estudos e pesquisas.","Textos de até 15 linhas, com períodos de até duas linhas e intercalações breves, pertencente ao campo de atuação artístico-literário, da vida pública ou de estudos e pesquisas.",D17-5EF–CL05,Identificar a finalidade de textos didáticos (artigos científicos adaptados ao público infanto-juvenil).,x,x,x,x,x,1.0,EF15LP01,"Analisar elementos constitutivos
 de gêneros textuais diversos.[1]"
D18-1EF,Reconhecer o gênero de textos de nível 1 que circulam no campo de atuação da vida cotidiana e que têm a função de estabelecer comunicação interpessoal.,"Textos de até 8 linhas, composto por períodos simples, sem intercalações, que circulam no campo de atuação da vida cotidiana.",D18-1EF-CL01,Reconhecer o gênero de um bilhete.,x,x,x,x,x,2.0,EF15LP02,Reconhecer diferentes gêneros textuais (5º ano).[2]
D18-1EF,Reconhecer o gênero de textos de nível 1 que circulam no campo de atuação da vida cotidiana e que têm a função de estabelecer comunicação interpessoal.,"Textos de até 8 linhas, composto por períodos simples, sem intercalações, que circulam no campo de atuação da vida cotidiana.",D18-1EF-CL02,Reconhecer o gênero de um convite.,x,x,x,x,x,2.0,EF15LP02,Reconhecer diferentes gêneros textuais (5º ano).[2]
D18-1EF,Reconhecer o gênero de textos de nível 1 que circulam no campo de atuação da vida cotidiana e que têm a função de estabelecer comunicação interpessoal.,"Textos de até 8 linhas, composto por períodos simples, sem intercalações, que circulam no campo de atuação da vida cotidiana.",D18-1EF–CL03,Reconhecer o gênero de um aviso.,x,x,x,x,x,2.0,EF15LP02,Reconhecer diferentes gêneros textuais (5º ano).[2]
D18-2EF,Reconhecer o gênero de textos de nível 1 dos campos de atuação da vida cotidiana que têm função mnemônica ou de divertir o leitor.,"Textos de até 8 linhas, composto por períodos simples, sem intercalações, que circulam no campo de atuação da vida cotidiana.",D18-1EF–CL03,Reconhecer o gênero de uma lista.,x,x,x,x,x,2.0,EF15LP02,Reconhecer diferentes gêneros textuais (5º ano).
D18-2EF,Reconhecer o gênero de textos de nível 1 dos campos de atuação da vida cotidiana que têm função mnemônica ou de divertir o leitor.,"Textos de até 8 linhas, composto por períodos simples, sem intercalações, que circulam no campo de atuação da vida cotidiana.",D18-2EF–CL02,Reconhecer o gênero de uma agenda.,x,x,x,x,x,2.0,EF15LP02,Reconhecer diferentes gêneros textuais (5º ano).
D18-2EF,Reconhecer o gênero de textos de nível 1 dos campos de atuação da vida cotidiana que têm função mnemônica ou de divertir o leitor.,"Textos de até 8 linhas, composto por períodos simples, sem intercalações, que circulam no campo de atuação da vida cotidiana.",D18-2EF–CL03,Reconhecer o gênero de uma anedota ou piada.,x,x,x,x,x,2.0,EF15LP02,Reconhecer diferentes gêneros textuais (5º ano).
D18-3EF,Reconhecer o gênero de textos injuntivos de nível 1 ou que circulam no campo de atuação da vida pública.,"Textos de até 10 linhas, compostos por períodos com intercalações breves, que circulam nos campos de atuação da vida cotidiana ou da vida pública.",D18-3EF–CL01,Reconhecer o gênero de uma receita culinária.,x,x,x,x,x,2.0,EF15LP02,Reconhecer diferentes gêneros textuais (5º ano).
D18-3EF,Reconhecer o gênero de textos injuntivos de nível 1 ou que circulam no campo de atuação da vida pública.,"Textos de até 10 linhas, compostos por períodos com intercalações breves, que circulam nos campos de atuação da vida cotidiana ou da vida pública.",D18-3EF–CL02,Reconhecer o gênero regras de jogos/brincadeiras.,x,x,x,x,x,2.0,EF15LP02,Reconhecer diferentes gêneros textuais (5º ano).
D18-3EF,Reconhecer o gênero de textos injuntivos de nível 1 ou que circulam no campo de atuação da vida pública.,"Textos de até 10 linhas, compostos por períodos com intercalações breves, que circulam nos campos de atuação da vida cotidiana ou da vida pública.",D18-3EF–CL03,Reconhecer o gênero notícia.,x,x,x,x,x,2.0,EF15LP02,Reconhecer diferentes gêneros textuais (5º ano).
D18-3EF,Reconhecer o gênero de textos injuntivos de nível 1 ou que circulam no campo de atuação da vida pública.,"Textos de até 10 linhas, compostos por períodos com intercalações breves, que circulam nos campos de atuação da vida cotidiana ou da vida pública.",D18-3EF–CL04,Reconhecer o gênero regras de convivência.,x,x,x,x,x,2.0,EF15LP02,Reconhecer diferentes gêneros textuais (5º ano).
D18-4EF,"Reconhecer o gênero de textos de nível 2 que circulam no campo de atuação da vida cotidiana, da vida pública ou de estudos e pesquisas.","Textos de até 15 linhas, com períodos de até duas linhas e intercalações breves, pertencente ao campo de atuação da vida cotidiana, da vida pública ou de estudos e pesquisas.",D18-4EF–CL01,Reconhecer o gênero carta.,x,x,x,x,x,2.0,EF15LP02,Reconhecer diferentes gêneros textuais (5º ano).
D18-4EF,"Reconhecer o gênero de textos de nível 2 que circulam no campo de atuação da vida cotidiana, da vida pública ou de estudos e pesquisas.","Textos de até 15 linhas, com períodos de até duas linhas e intercalações breves, pertencente ao campo de atuação da vida cotidiana, da vida pública ou de estudos e pesquisas.",D18-4EF–CL02,Reconhecer o gênero diário.,x,x,x,x,x,2.0,EF15LP02,Reconhecer diferentes gêneros textuais (5º ano).
D18-4EF,"Reconhecer o gênero de textos de nível 2 que circulam no campo de atuação da vida cotidiana, da vida pública ou de estudos e pesquisas.","Textos de até 15 linhas, com períodos de até duas linhas e intercalações breves, pertencente ao campo de atuação da vida cotidiana, da vida pública ou de estudos e pesquisas.",D18-4EF–CL03,Reconhecer o gênero notícia.,x,x,x,x,x,2.0,EF15LP02,Reconhecer diferentes gêneros textuais (5º ano).
D18-4EF,"Reconhecer o gênero de textos de nível 2 que circulam no campo de atuação da vida cotidiana, da vida pública ou de estudos e pesquisas.","Textos de até 15 linhas, com períodos de até duas linhas e intercalações breves, pertencente ao campo de atuação da vida cotidiana, da vida pública ou de estudos e pesquisas.",D18-4EF–CL04,Reconhecer o gênero campanha de conscientização.,x,x,x,x,x,2.0,EF15LP02,Reconhecer diferentes gêneros textuais (5º ano).
D18-4EF,"Reconhecer o gênero de textos de nível 2 que circulam no campo de atuação da vida cotidiana, da vida pública ou de estudos e pesquisas.","Textos de até 15 linhas, com períodos de até duas linhas e intercalações breves, pertencente ao campo de atuação da vida cotidiana, da vida pública ou de estudos e pesquisas.",D18-4EF–CL05,Reconhecer o gênero carta do leitor.,x,x,x,x,x,2.0,EF15LP02,Reconhecer diferentes gêneros textuais (5º ano).
D18-4EF,"Reconhecer o gênero de textos de nível 2 que circulam no campo de atuação da vida cotidiana, da vida pública ou de estudos e pesquisas.","Textos de até 15 linhas, com períodos de até duas linhas e intercalações breves, pertencente ao campo de atuação da vida cotidiana, da vida pública ou de estudos e pesquisas.",D18-4EF–CL06,Reconhecer o gênero curiosidade científica.,x,x,x,x,x,2.0,EF15LP02,Reconhecer diferentes gêneros textuais (5º ano).
D18-5EF,"Reconhecer o gênero de textos de nível 2 que circulam no campo de atuação artístico literário, da vida pública ou de estudos e pesquisas.","Textos de até 15 linhas, com períodos de até duas linhas e intercalações breves, pertencente ao campo de atuação artístico-literário, da vida pública ou de estudos e pesquisas.",D18-5EF–CL01,Reconhecer o gênero texto dramático.,x,x,x,x,x,2.0,EF15LP02,Reconhecer diferentes gêneros textuais (5º ano).
D18-5EF,"Reconhecer o gênero de textos de nível 2 que circulam no campo de atuação artístico literário, da vida pública ou de estudos e pesquisas.","Textos de até 15 linhas, com períodos de até duas linhas e intercalações breves, pertencente ao campo de atuação artístico-literário, da vida pública ou de estudos e pesquisas.",D18-5EF–CL02,Reconhecer o gênero biografia.,x,x,x,x,x,2.0,EF15LP02,Reconhecer diferentes gêneros textuais (5º ano).
D18-5EF,"Reconhecer o gênero de textos de nível 2 que circulam no campo de atuação artístico literário, da vida pública ou de estudos e pesquisas.","Textos de até 15 linhas, com períodos de até duas linhas e intercalações breves, pertencente ao campo de atuação artístico-literário, da vida pública ou de estudos e pesquisas.",D18-5EF–CL03,Reconhecer o gênero leis ou estatuto (adaptados ao público infanto-juvenil).,x,x,x,x,x,2.0,EF15LP02,Reconhecer diferentes gêneros textuais (5º ano).
D18-5EF,"Reconhecer o gênero de textos de nível 2 que circulam no campo de atuação artístico literário, da vida pública ou de estudos e pesquisas.","Textos de até 15 linhas, com períodos de até duas linhas e intercalações breves, pertencente ao campo de atuação artístico-literário, da vida pública ou de estudos e pesquisas.",D18-5EF–CL04,Reconhecer o gênero reportagem (adaptada ao público infanto-juvenil).,x,x,x,x,x,2.0,EF15LP02,Reconhecer diferentes gêneros textuais (5º ano).
D18-5EF,"Reconhecer o gênero de textos de nível 2 que circulam no campo de atuação artístico literário, da vida pública ou de estudos e pesquisas.","Textos de até 15 linhas, com períodos de até duas linhas e intercalações breves, pertencente ao campo de atuação artístico-literário, da vida pública ou de estudos e pesquisas.",D18-5EF–CL05,Reconhecer o gênero artigos científico (adaptado ao público infanto-juvenil).,x,x,x,x,x,2.0,EF15LP02,Reconhecer diferentes gêneros textuais (5º ano).
D19-2EF,"Reconhecer o personagem principal de narrativas lineares em textos de nível 1, quando o personagem é citado no título ou é tópico do primeiro parágrafo.","Textos de até 8 linhas, composto por períodos simples ou com breves intercalações, que circulam no campo de atuação artístico literário.",D19-2EF–CL01,"Reconhecer o personagem principal de conto de fadas, quando o personagem é citado no título ou é tópico do primeiro parágrafo.",x,x,x,x,x,2.0,EF01LP26,Não há.
D19-2EF,"Reconhecer o personagem principal de narrativas lineares em textos de nível 1, quando o personagem é citado no título ou é tópico do primeiro parágrafo.","Textos de até 8 linhas, composto por períodos simples ou com breves intercalações, que circulam no campo de atuação artístico literário.",D19-2EF–CL02,"Reconhecer o personagem principal de uma lenda ou mito, quando o personagem é citado no título ou é tópico do primeiro parágrafo.",x,x,x,x,x,2.0,EF01LP26,Não há.
D19-2EF,"Reconhecer o personagem principal de narrativas lineares em textos de nível 1, quando o personagem é citado no título ou é tópico do primeiro parágrafo.","Textos de até 8 linhas, composto por períodos simples ou com breves intercalações, que circulam no campo de atuação artístico literário.",D19-2EF–CL03,"Reconhecer o personagem principal de um conto popular ou folclórico, quando o personagem é citado no título ou é tópico do primeiro parágrafo.",x,x,x,x,x,2.0,EF01LP26,Não há.
D19-2EF,"Reconhecer o personagem principal de narrativas lineares em textos de nível 1, quando o personagem é citado no título ou é tópico do primeiro parágrafo.","Textos de até 8 linhas, composto por períodos simples ou com breves intercalações, que circulam no campo de atuação artístico literário.",D19-2EF–CL04,"Reconhecer o personagem principal de um poema narrativo, quando o personagem é citado no título ou é tópico do primeiro parágrafo.",x,x,x,x,x,2.0,EF01LP26,Não há.
D19-2EF,"Reconhecer o personagem principal de narrativas lineares em textos de nível 1, quando o personagem é citado no título ou é tópico do primeiro parágrafo.","Textos de até 8 linhas, composto por períodos simples ou com breves intercalações, que circulam no campo de atuação artístico literário.",D19-2EF–CL05,"Reconhecer o personagem principal de um quadrinha, quando o personagem é citado no título ou é tópico do primeiro parágrafo.",x,x,x,x,x,2.0,EF01LP26,Não há.
D19-3EF,"Reconhecer  o tempo e/ou lugar em narrativas lineares, em textos  de nível 1, quando há pistas textuais que evidenciam esses elementos.","Textos de até 10 linhas, composto por períodos simples ou com breves intercalações, que circulam no campo de atuação artístico literário.",D19-3EF–CL01,"Reconhecer o tempo e o lugar de conto de fadas, quando há pistas textuais que evidenciam esses elementos.",x,x,x,x,x,2.0,(EF01LP26),Não há.
D19-3EF,"Reconhecer  o tempo e/ou lugar em narrativas lineares, em textos  de nível 1, quando há pistas textuais que evidenciam esses elementos.","Textos de até 10 linhas, composto por períodos simples ou com breves intercalações, que circulam no campo de atuação artístico literário.",D19-3EF–CL02,"Reconhecer o tempo e o lugar de uma lenda ou mito, quando há pistas textuais que evidenciam esses elementos.",x,x,x,x,x,2.0,(EF01LP26),Não há.
D19-3EF,"Reconhecer  o tempo e/ou lugar em narrativas lineares, em textos  de nível 1, quando há pistas textuais que evidenciam esses elementos.","Textos de até 10 linhas, composto por períodos simples ou com breves intercalações, que circulam no campo de atuação artístico literário.",D19-3EF–CL03,"Reconhecer o tempo e o lugar conto popular ou folclórico, quando há pistas textuais que evidenciam esses elementos.",x,x,x,x,x,2.0,(EF01LP26),Não há.
D19-3EF,"Reconhecer  o tempo e/ou lugar em narrativas lineares, em textos  de nível 1, quando há pistas textuais que evidenciam esses elementos.","Textos de até 10 linhas, composto por períodos simples ou com breves intercalações, que circulam no campo de atuação artístico literário.",D19-3EF–CL04,"Reconhecer o tempo e o lugar poema narrativo, quando há pistas textuais que evidenciam esses elementos.",x,x,x,x,x,2.0,(EF01LP26),Não há.
D19-3EF,"Reconhecer  o tempo e/ou lugar em narrativas lineares, em textos  de nível 1, quando há pistas textuais que evidenciam esses elementos.","Textos de até 10 linhas, composto por períodos simples ou com breves intercalações, que circulam no campo de atuação artístico literário.",D19-3EF–CL05,"Reconhecer o tempo e o lugar de um cordel, quando há pistas textuais que evidenciam esses elementos.",x,x,x,x,x,2.0,(EF01LP26),Não há.
D19-4EF,Reconhecer o narrador em narrativas lineares em textos  de nível 2 quando se trata do narrador em primeira pessoa.,"Textos de até 15 linhas, com períodos de até duas linhas e intercalações breves, pertencente ao campo de atuação artístico literário.",D19-4EF–CL01,"Reconhecer o narrador em um conto infantil, quando se trata do narrador em primeira pessoa.",x,x,x,x,x,2.0,EF35LP29,Não há
D19-4EF,Reconhecer o narrador em narrativas lineares em textos  de nível 2 quando se trata do narrador em primeira pessoa.,"Textos de até 15 linhas, com períodos de até duas linhas e intercalações breves, pertencente ao campo de atuação artístico literário.",D19-4EF–CL02,"Reconhecer o narrador em um poema narrativo, quando se trata do narrador em primeira pessoa.",x,x,x,x,x,2.0,EF35LP29,Não há
D19-5EF,"Reconhecer o conflito gerador do enredo em narrativas lineares de nível 2, quando o conflito se apresenta no início do texto e/ou há pistas que o sinalizam.","Textos de até 15 linhas, com períodos de até duas linhas e intercalações breves, pertencente ao campo de atuação artístico literário.",D19-5EF–CL01,"Reconhecer o conflito gerador de um conto infantil, quando o conflito se apresenta no início do texto e/ou há pistas que o sinalizam.",x,x,x,x,x,2.0,EF35LP29,Identificar elementos constitutivos de textos narrativos.
D19-5EF,"Reconhecer o conflito gerador do enredo em narrativas lineares de nível 2, quando o conflito se apresenta no início do texto e/ou há pistas que o sinalizam.","Textos de até 15 linhas, com períodos de até duas linhas e intercalações breves, pertencente ao campo de atuação artístico literário.",D19-5EF–CL02,"Reconhecer o conflito gerador de uma lenda ou mito, quando o conflito se apresenta no início do texto e/ou há pistas que o sinalizam.",x,x,x,x,x,2.0,EF35LP29,Identificar elementos constitutivos de textos narrativos.
D19-5EF,"Reconhecer o conflito gerador do enredo em narrativas lineares de nível 2, quando o conflito se apresenta no início do texto e/ou há pistas que o sinalizam.","Textos de até 15 linhas, com períodos de até duas linhas e intercalações breves, pertencente ao campo de atuação artístico literário.",D19-5EF–CL03,"Reconhecer o conflito gerador de uma fábula, quando o conflito se apresenta no início do texto e/ou há pistas que o sinalizam.",x,x,x,x,x,2.0,EF35LP29,Identificar elementos constitutivos de textos narrativos.
D19-5EF,"Reconhecer o conflito gerador do enredo em narrativas lineares de nível 2, quando o conflito se apresenta no início do texto e/ou há pistas que o sinalizam.","Textos de até 15 linhas, com períodos de até duas linhas e intercalações breves, pertencente ao campo de atuação artístico literário.",D19-5EF–CL04,"Reconhecer o conflito gerador de um poema narrativo, quando o conflito se apresenta no início do texto e/ou há pistas que o sinalizam.",x,x,x,x,x,2.0,EF35LP29,Identificar elementos constitutivos de textos narrativos.
D19-5EF,"Reconhecer o conflito gerador do enredo em narrativas lineares de nível 2, quando o conflito se apresenta no início do texto e/ou há pistas que o sinalizam.","Textos de até 15 linhas, com períodos de até duas linhas e intercalações breves, pertencente ao campo de atuação artístico literário.",D19-5EF–CL05,"Reconhecer o conflito gerador de um cordel, quando o conflito se apresenta no início do texto e/ou há pistas que o sinalizam.",x,x,x,x,x,2.0,EF35LP29,Identificar elementos constitutivos de textos narrativos.
D20-4EF,"Identificar a opinião de um personagem em texto de nível 2, quando o enunciado opinativo é marcado por verbo opinativo (acho que, penso que).","Textos de até 15 linhas, com períodos de até duas linhas e intercalações breves, pertencente ao campo de atuação da vida cotidiana ou artístico literário.
 Textos multissemióticos.",D20-4EF–CL01,"Identificar a opinião de um personagem em um conto infantil, estando a opinião marcada por um verbo opinativo.",x,x,x,x,x,1.0,EF04LP15,Distinguir fatos de opiniões em textos.(5º ano)
D20-4EF,"Identificar a opinião de um personagem em texto de nível 2, quando o enunciado opinativo é marcado por verbo opinativo (acho que, penso que).","Textos de até 15 linhas, com períodos de até duas linhas e intercalações breves, pertencente ao campo de atuação da vida cotidiana ou artístico literário.
 Textos multissemióticos.",D20-4EF–CL02,"Identificar a opinião de um personagem em uma fábula, estando a opinião marcada por um verbo opinativo.",x,x,x,x,x,1.0,EF04LP15,Distinguir fatos de opiniões em textos.(5º ano)
D20-4EF,"Identificar a opinião de um personagem em texto de nível 2, quando o enunciado opinativo é marcado por verbo opinativo (acho que, penso que).","Textos de até 15 linhas, com períodos de até duas linhas e intercalações breves, pertencente ao campo de atuação da vida cotidiana ou artístico literário.
 Textos multissemióticos.",D20-4EF–CL03,"Identificar a opinião de um personagem em uma lenda ou mito, estando a opinião marcada por um verbo opinativo.",x,x,x,x,x,1.0,EF04LP15,Distinguir fatos de opiniões em textos.(5º ano)
D20-4EF,"Identificar a opinião de um personagem em texto de nível 2, quando o enunciado opinativo é marcado por verbo opinativo (acho que, penso que).","Textos de até 15 linhas, com períodos de até duas linhas e intercalações breves, pertencente ao campo de atuação da vida cotidiana ou artístico literário.
 Textos multissemióticos.",D20-4EF–CL04,"Identificar a opinião de um personagem em uma história em quadrinhos, estando a opinião marcada por um verbo opinativo.",x,x,x,x,x,1.0,EF04LP15,Distinguir fatos de opiniões em textos.(5º ano)
D20-4EF,"Identificar a opinião de um personagem em texto de nível 2, quando o enunciado opinativo é marcado por verbo opinativo (acho que, penso que).","Textos de até 15 linhas, com períodos de até duas linhas e intercalações breves, pertencente ao campo de atuação da vida cotidiana ou artístico literário.
 Textos multissemióticos.",D20-4EF–CL05,"Identificar a opinião de um personagem em uma piada, estando a opinião marcada por um verbo opinativo.",x,x,x,x,x,1.0,EF04LP15,Distinguir fatos de opiniões em textos.(5º ano)
D20-5EF,"Identificar a opinião de um personagem em texto de nível 2, sendo os enunciados opinativos marcados por frase exclamativa ou estrutura predicativa.","Textos de até 15 linhas, com períodos de até duas linhas e intercalações breves, pertencente ao campo de atuação da vida cotidiana ou artístico literário.
 Textos multissemióticos.",D20-5EF–CL01,"Identificar a opinião de um personagem em um conto infantil, expressa em frase exclamativa ou estrutura predicativa.",x,x,x,x,x,1.0,EF04LP15,Distinguir fatos de opiniões em textos.(5º ano)
D20-5EF,"Identificar a opinião de um personagem em texto de nível 2, sendo os enunciados opinativos marcados por frase exclamativa ou estrutura predicativa.","Textos de até 15 linhas, com períodos de até duas linhas e intercalações breves, pertencente ao campo de atuação da vida cotidiana ou artístico literário.
 Textos multissemióticos.",D20-5EF–CL02,"Identificar a opinião de um personagem em uma fábula, expressa em frase exclamativa ou estrutura predicativa.",x,x,x,x,x,1.0,EF04LP15,Distinguir fatos de opiniões em textos.(5º ano)
D20-5EF,"Identificar a opinião de um personagem em texto de nível 2, sendo os enunciados opinativos marcados por frase exclamativa ou estrutura predicativa.","Textos de até 15 linhas, com períodos de até duas linhas e intercalações breves, pertencente ao campo de atuação da vida cotidiana ou artístico literário.
 Textos multissemióticos.",D20-5EF–CL03,"Identificar a opinião de um personagem em uma lenda ou mito, expressa em frase exclamativa ou estrutura predicativa.",x,x,x,x,x,1.0,EF04LP15,Distinguir fatos de opiniões em textos.(5º ano)
D20-5EF,"Identificar a opinião de um personagem em texto de nível 2, sendo os enunciados opinativos marcados por frase exclamativa ou estrutura predicativa.","Textos de até 15 linhas, com períodos de até duas linhas e intercalações breves, pertencente ao campo de atuação da vida cotidiana ou artístico literário.
 Textos multissemióticos.",D20-5EF–CL04,"Identificar a opinião de um personagem em uma história em quadrinhos, expressa em frase exclamativa ou estrutura predicativa.",x,x,x,x,x,1.0,EF04LP15,Distinguir fatos de opiniões em textos.(5º ano)
D20-5EF,"Identificar a opinião de um personagem em texto de nível 2, sendo os enunciados opinativos marcados por frase exclamativa ou estrutura predicativa.","Textos de até 15 linhas, com períodos de até duas linhas e intercalações breves, pertencente ao campo de atuação da vida cotidiana ou artístico literário.
 Textos multissemióticos.",D20-5EF–CL05,"Identificar a opinião de um personagem em uma piada, expressa em frase exclamativa ou estrutura predicativa.",x,x,x,x,x,1.0,EF04LP15,Distinguir fatos de opiniões em textos.(5º ano)
D21-1EF,Inferir informações em textos predominantemente não verbais.,"Textos não verbais compatíveis com a etapa de escolarização avaliada (tirinhas, charges, cartuns, histórias em quadrinhos).",D21-1EF-CL01,Inferir informações em tirinhas.,x,x,x,x,x,1.0,EF15LP14,Não há.
D21-1EF,Inferir informações em textos predominantemente não verbais.,"Textos não verbais compatíveis com a etapa de escolarização avaliada (tirinhas, charges, cartuns, histórias em quadrinhos).",D21-1EF-CL02,Inferir informações em histórias em quadrinhos.,x,x,x,x,x,1.0,EF15LP14,Não há.
D21-1EF,Inferir informações em textos predominantemente não verbais.,"Textos não verbais compatíveis com a etapa de escolarização avaliada (tirinhas, charges, cartuns, histórias em quadrinhos).",D21-1EF-CL03,Inferir informações em histórias em cartum.,x,x,x,x,x,1.0,EF15LP14,Não há.
D21-1EF,Inferir informações em textos predominantemente não verbais.,"Textos não verbais compatíveis com a etapa de escolarização avaliada (tirinhas, charges, cartuns, histórias em quadrinhos).",D21-1EF-CL04,Inferir informações em histórias em chages.,x,x,x,x,x,1.0,EF15LP14,Não há.
D21-2EF,Inferir informações em textos que articulam linguagem verbal e não-verbal (multissemióticos) com base num quadro específico do texto.,"Textos que articulam linguagem verbal e não verbal (multissemióticos) compatíveis com a etapa de escolarização avaliada (tirinhas, histórias em quadrinhos).",D21-2EF-CL01,Inferir informações em tirinhas com base num quadro específico do texto.,x,x,x,x,x,1.0,EF15LP14,"Inferir informações em textos que articulam
linguagem verbal e não verbal.(5º ano)
"
D21-2EF,Inferir informações em textos que articulam linguagem verbal e não-verbal (multissemióticos) com base num quadro específico do texto.,"Textos que articulam linguagem verbal e não verbal (multissemióticos) compatíveis com a etapa de escolarização avaliada (tirinhas, histórias em quadrinhos).",D21-2EF-CL02,Inferir informações em histórias em quadrinhos com base num quadro específico do texto.,x,x,x,x,x,1.0,EF15LP14,"Inferir informações em textos que articulam
linguagem verbal e não verbal.(5º ano)
"
D21-3EF,"Inferir informações em textos que articulam linguagem verbal e não-verbal (multissemióticos), a partir de deduções apoiadas na leitura global do texto.","Textos que articulam linguagem verbal e não verbal (multissemióticos) compatíveis com a etapa de escolarização avaliada (tirinhas, histórias em quadrinhos).",D21-3EF-CL01,Inferir informações em tirinhas com base em dedução apoiada na leitura global do texto.,x,x,x,x,x,1.0,EF15LP14,"Inferir informações em textos que articulam
linguagem verbal e não verbal.(5º ano
"
D21-3EF,"Inferir informações em textos que articulam linguagem verbal e não-verbal (multissemióticos), a partir de deduções apoiadas na leitura global do texto.","Textos que articulam linguagem verbal e não verbal (multissemióticos) compatíveis com a etapa de escolarização avaliada (tirinhas, histórias em quadrinhos).",D21-3EF-CL02,Inferir informações em histórias em quadrinhos com base em dedução apoiada na leitura global do texto.,x,x,x,x,x,1.0,EF15LP14,"Inferir informações em textos que articulam
linguagem verbal e não verbal.(5º ano
"
D21-4EF,Inferir efeitos de humor textos que articulam linguagem verbal e não-verbal (multissemióticos).,"Textos que articulam linguagem verbal e não verbal (multissemióticos) compatíveis com a etapa de escolarização avaliada (tirinhas, histórias em quadrinhos, charges, cartuns).",D21-4EF-CL01,Inferir efeitos de humor em tirinhas.,x,x,x,x,x,1.0,EF15LP18,"Inferir informações em textos que articulam
linguagem verbal e não verbal.(5º ano
"
D21-4EF,Inferir efeitos de humor textos que articulam linguagem verbal e não-verbal (multissemióticos).,"Textos que articulam linguagem verbal e não verbal (multissemióticos) compatíveis com a etapa de escolarização avaliada (tirinhas, histórias em quadrinhos, charges, cartuns).",D21-4EF-CL02,Inferir efeitos de humor em histórias em quadrinhos.,x,x,x,x,x,1.0,EF15LP18,"Inferir informações em textos que articulam
linguagem verbal e não verbal.(5º ano
"
D21-4EF,Inferir efeitos de humor textos que articulam linguagem verbal e não-verbal (multissemióticos).,"Textos que articulam linguagem verbal e não verbal (multissemióticos) compatíveis com a etapa de escolarização avaliada (tirinhas, histórias em quadrinhos, charges, cartuns).",D21-4EF-CL03,Inferir efeitos de humor em charges.,x,x,x,x,x,1.0,EF15LP18,"Inferir informações em textos que articulam
linguagem verbal e não verbal.(5º ano
"
D21-4EF,Inferir efeitos de humor textos que articulam linguagem verbal e não-verbal (multissemióticos).,"Textos que articulam linguagem verbal e não verbal (multissemióticos) compatíveis com a etapa de escolarização avaliada (tirinhas, histórias em quadrinhos, charges, cartuns).",D21-4EF-CL04,Inferir efeitos de humor em cartuns.,x,x,x,x,x,1.0,EF15LP18,"Inferir informações em textos que articulam
linguagem verbal e não verbal.(5º ano
"
D21-5EF,Inferir efeitos de crítica e/ou ironia em textos que articulam linguagem verbal e não-verbal (multissemióticos).,"Textos que articulam linguagem verbal e não verbal (multissemióticos) compatíveis com a etapa de escolarização avaliada (tirinhas, histórias em quadrinhos, charges, cartuns).",D21-5EF-CL01,Inferir efeitos de crítica e/ou ironia em tirinhas.,x,x,x,x,x,1.0,EF15LP18,"Inferir informações em textos que articulam
linguagem verbal e não verbal.(5º ano)
"
D21-5EF,Inferir efeitos de crítica e/ou ironia em textos que articulam linguagem verbal e não-verbal (multissemióticos).,"Textos que articulam linguagem verbal e não verbal (multissemióticos) compatíveis com a etapa de escolarização avaliada (tirinhas, histórias em quadrinhos, charges, cartuns).",D21-5EF-CL02,Inferir efeitos de crítica e/ou ironia em histórias em quadrinhos.,x,x,x,x,x,1.0,EF15LP18,"Inferir informações em textos que articulam
linguagem verbal e não verbal.(5º ano)
"
D21-5EF,Inferir efeitos de crítica e/ou ironia em textos que articulam linguagem verbal e não-verbal (multissemióticos).,"Textos que articulam linguagem verbal e não verbal (multissemióticos) compatíveis com a etapa de escolarização avaliada (tirinhas, histórias em quadrinhos, charges, cartuns).",D21-5EF-CL03,Inferir efeitos de crítica e/ou ironia em charges.,x,x,x,x,x,1.0,EF15LP18,"Inferir informações em textos que articulam
linguagem verbal e não verbal.(5º ano)
"
D21-5EF,Inferir efeitos de crítica e/ou ironia em textos que articulam linguagem verbal e não-verbal (multissemióticos).,"Textos que articulam linguagem verbal e não verbal (multissemióticos) compatíveis com a etapa de escolarização avaliada (tirinhas, histórias em quadrinhos, charges, cartuns).",D21-5EF-CL04,Inferir efeitos de crítica e/ou ironia em cartuns.,x,x,x,x,x,1.0,EF15LP18,"Inferir informações em textos que articulam
linguagem verbal e não verbal.(5º ano)
"
D22-3EF,"Reconhecer, em textos de nível 1, relações lógico-discursivas de causalidade marcadas por conjunções mais usuais.","Textos de até 10 linhas, composto por períodos simples ou com breves intercalações, que circulam em qualquer um dos campo de atuação.",D22-3EF-CL01,Reconhecer relações lógico discursivas de causalidade marcadas por conjunções mais usuais em bilhetes.,x,x,x,x,x,2.0,EF05LP07,"Analisar relações de causa e
consequência.(5º ano)
"
D22-3EF,"Reconhecer, em textos de nível 1, relações lógico-discursivas de causalidade marcadas por conjunções mais usuais.","Textos de até 10 linhas, composto por períodos simples ou com breves intercalações, que circulam em qualquer um dos campo de atuação.",D22-3EF-CL02,Reconhecer relações lógico discursivas de causalidade marcadas por conjunções mais usuais em cartas.,x,x,x,x,x,2.0,EF05LP07,"Analisar relações de causa e
consequência.(5º ano)
"
D22-3EF,"Reconhecer, em textos de nível 1, relações lógico-discursivas de causalidade marcadas por conjunções mais usuais.","Textos de até 10 linhas, composto por períodos simples ou com breves intercalações, que circulam em qualquer um dos campo de atuação.",D22-3EF-CL03,Reconhecer relações lógico discursivas de causalidade marcadas por conjunções mais usuais em receita.,x,x,x,x,x,2.0,EF05LP07,"Analisar relações de causa e
consequência.(5º ano)
"
D22-3EF,"Reconhecer, em textos de nível 1, relações lógico-discursivas de causalidade marcadas por conjunções mais usuais.","Textos de até 10 linhas, composto por períodos simples ou com breves intercalações, que circulam em qualquer um dos campo de atuação.",D22-3EF-CL04,Reconhecer relações lógico discursivas de causalidade marcadas por conjunções mais usuais em regra de jogo/brincadeira.,x,x,x,x,x,2.0,EF05LP07,"Analisar relações de causa e
consequência.(5º ano)
"
D22-3EF,"Reconhecer, em textos de nível 1, relações lógico-discursivas de causalidade marcadas por conjunções mais usuais.","Textos de até 10 linhas, composto por períodos simples ou com breves intercalações, que circulam em qualquer um dos campo de atuação.",D22-3EF-CL05,Reconhecer relações lógico discursivas de causalidade marcadas por conjunções mais usuais em contos infantis.,x,x,x,x,x,2.0,EF05LP07,"Analisar relações de causa e
consequência.(5º ano)
"
D22-3EF,"Reconhecer, em textos de nível 1, relações lógico-discursivas de causalidade marcadas por conjunções mais usuais.","Textos de até 10 linhas, composto por períodos simples ou com breves intercalações, que circulam em qualquer um dos campo de atuação.",D22-3EF-CL06,Reconhecer relações lógico discursivas de causalidade marcadas por conjunções mais usuais em fábulas.,x,x,x,x,x,2.0,EF05LP07,"Analisar relações de causa e
consequência.(5º ano)
"
D22-3EF,"Reconhecer, em textos de nível 1, relações lógico-discursivas de causalidade marcadas por conjunções mais usuais.","Textos de até 10 linhas, composto por períodos simples ou com breves intercalações, que circulam em qualquer um dos campo de atuação.",D22-3EF-CL07,Reconhecer relações lógico discursivas de causalidade marcadas por conjunções mais usuais em poemas narrativos.,x,x,x,x,x,2.0,EF05LP07,"Analisar relações de causa e
consequência.(5º ano)
"
D22-3EF,"Reconhecer, em textos de nível 1, relações lógico-discursivas de causalidade marcadas por conjunções mais usuais.","Textos de até 10 linhas, composto por períodos simples ou com breves intercalações, que circulam em qualquer um dos campo de atuação.",D22-3EF-CL08,Reconhecer relações lógico discursivas de causalidade marcadas por conjunções mais usuais em regras de convivência.,x,x,x,x,x,2.0,EF05LP07,"Analisar relações de causa e
consequência.(5º ano)
"
D22-3EF,"Reconhecer, em textos de nível 1, relações lógico-discursivas de causalidade marcadas por conjunções mais usuais.","Textos de até 10 linhas, composto por períodos simples ou com breves intercalações, que circulam em qualquer um dos campo de atuação.",D22-3EF-CL09,Reconhecer relações lógico discursivas de causalidade marcadas por conjunções mais usuais em notícias.,x,x,x,x,x,2.0,EF05LP07,"Analisar relações de causa e
consequência.(5º ano)
"
D22-3EF,"Reconhecer, em textos de nível 1, relações lógico-discursivas de causalidade marcadas por conjunções mais usuais.","Textos de até 10 linhas, composto por períodos simples ou com breves intercalações, que circulam em qualquer um dos campo de atuação.",D22-3EF-CL10,Reconhecer relações lógico discursivas de causalidade marcadas por conjunções mais usuais em cartas do leitor.,x,x,x,x,x,2.0,EF05LP07,"Analisar relações de causa e
consequência.(5º ano)
"
D22-3EF,"Reconhecer, em textos de nível 1, relações lógico-discursivas de causalidade marcadas por conjunções mais usuais.","Textos de até 10 linhas, composto por períodos simples ou com breves intercalações, que circulam em qualquer um dos campo de atuação.",D22-3EF-CL11,Reconhecer relações lógico discursivas de causalidade marcadas por conjunções mais usuais em textos de curiosidades.,x,x,x,x,x,2.0,EF05LP07,"Analisar relações de causa e
consequência.(5º ano)
"
D22-4EF,"Reconhecer, em textos de nível 2, relações lógico discursivas marcadas por advérbios e expressões adverbiais de tempo.","Textos de até 15 linhas, com períodos de até duas linhas e intercalações breves, pertencente a qualquer um dos campos de atuação.",D22-4EF-CL01,Reconhecer relações lógico discursivas marcadas por advérbios e expressões adverbiais de tempo em cartas.,x,x,x,x,x,2.0,EF05LP07,"Analisar relações de causa e
consequência.(5º ano)
"
D22-4EF,"Reconhecer, em textos de nível 2, relações lógico discursivas marcadas por advérbios e expressões adverbiais de tempo.","Textos de até 15 linhas, com períodos de até duas linhas e intercalações breves, pertencente a qualquer um dos campos de atuação.",D22-4EF-CL02,"Reconhecer, relações lógico discursivas marcadas por advérbios e expressões adverbiais de tempo em diários.",x,x,x,x,x,2.0,EF05LP07,"Analisar relações de causa e
consequência.(5º ano)
"
D22-4EF,"Reconhecer, em textos de nível 2, relações lógico discursivas marcadas por advérbios e expressões adverbiais de tempo.","Textos de até 15 linhas, com períodos de até duas linhas e intercalações breves, pertencente a qualquer um dos campos de atuação.",D22-4EF-CL03,"Reconhecer, relações lógico discursivas marcadas por advérbios e expressões adverbiais de tempo em receita.",x,x,x,x,x,2.0,EF05LP07,"Analisar relações de causa e
consequência.(5º ano)
"
D22-4EF,"Reconhecer, em textos de nível 2, relações lógico discursivas marcadas por advérbios e expressões adverbiais de tempo.","Textos de até 15 linhas, com períodos de até duas linhas e intercalações breves, pertencente a qualquer um dos campos de atuação.",D22-4EF-CL04,"Reconhecer, relações lógico discursivas marcadas por advérbios e expressões adverbiais de tempo em regra de jogo/brincadeira.",x,x,x,x,x,2.0,EF05LP07,"Analisar relações de causa e
consequência.(5º ano)
"
D22-4EF,"Reconhecer, em textos de nível 2, relações lógico discursivas marcadas por advérbios e expressões adverbiais de tempo.","Textos de até 15 linhas, com períodos de até duas linhas e intercalações breves, pertencente a qualquer um dos campos de atuação.",D22-4EF-CL05,"Reconhecer, relações lógico discursivas marcadas por advérbios e expressões adverbiais de tempo em contos infantis.",x,x,x,x,x,2.0,EF05LP07,"Analisar relações de causa e
consequência.(5º ano)
"
D22-4EF,"Reconhecer, em textos de nível 2, relações lógico discursivas marcadas por advérbios e expressões adverbiais de tempo.","Textos de até 15 linhas, com períodos de até duas linhas e intercalações breves, pertencente a qualquer um dos campos de atuação.",D22-4EF-CL06,"Reconhecer, relações lógico discursivas marcadas por advérbios e expressões adverbiais de tempo em fábulas.",x,x,x,x,x,2.0,EF05LP07,"Analisar relações de causa e
consequência.(5º ano)
"
D22-4EF,"Reconhecer, em textos de nível 2, relações lógico discursivas marcadas por advérbios e expressões adverbiais de tempo.","Textos de até 15 linhas, com períodos de até duas linhas e intercalações breves, pertencente a qualquer um dos campos de atuação.",D22-4EF-CL07,"Reconhecer, relações lógico discursivas marcadas por advérbios e expressões adverbiais de tempo em poemas narrativos.",x,x,x,x,x,2.0,EF05LP07,"Analisar relações de causa e
consequência.(5º ano)
"
D22-4EF,"Reconhecer, em textos de nível 2, relações lógico discursivas marcadas por advérbios e expressões adverbiais de tempo.","Textos de até 15 linhas, com períodos de até duas linhas e intercalações breves, pertencente a qualquer um dos campos de atuação.",D22-4EF-CL08,"Reconhecer, relações lógico discursivas marcadas por advérbios e expressões adverbiais de tempo em estatutos e leis adaptados ao público infantil.",x,x,x,x,x,2.0,EF05LP07,"Analisar relações de causa e
consequência.(5º ano)
"
D22-4EF,"Reconhecer, em textos de nível 2, relações lógico discursivas marcadas por advérbios e expressões adverbiais de tempo.","Textos de até 15 linhas, com períodos de até duas linhas e intercalações breves, pertencente a qualquer um dos campos de atuação.",D22-4EF-CL09,"Reconhecer, relações lógico discursivas marcadas por advérbios e expressões adverbiais de tempo em notícias.",x,x,x,x,x,2.0,EF05LP07,"Analisar relações de causa e
consequência.(5º ano)
"
D22-4EF,"Reconhecer, em textos de nível 2, relações lógico discursivas marcadas por advérbios e expressões adverbiais de tempo.","Textos de até 15 linhas, com períodos de até duas linhas e intercalações breves, pertencente a qualquer um dos campos de atuação.",D22-4EF-CL10,"Reconhecer, relações lógico discursivas marcadas por advérbios e expressões adverbiais de tempo em textos de curiosidades.",x,x,x,x,x,2.0,EF05LP07,"Analisar relações de causa e
consequência.(5º ano)
"
D22-5EF," Reconhecer, em textos de nível 2, relações lógico-discursivas adição, oposição, condição marcadas por conjunções mais usuais.","Textos de até 15 linhas, com períodos de até duas linhas e intercalações breves, pertencente a qualquer um dos campos de atuação.",D22-5EF-CL01,"Reconhecer, relações lógico-discursivas de adição, marcadas por conjunções mais usuais em cartas.",x,x,x,x,x,2.0,EF05LP07,"Analisar relações de causa e
consequência.(5º ano)
"
D22-5EF," Reconhecer, em textos de nível 2, relações lógico-discursivas adição, oposição, condição marcadas por conjunções mais usuais.","Textos de até 15 linhas, com períodos de até duas linhas e intercalações breves, pertencente a qualquer um dos campos de atuação.",D22-5EF-CL02,"Reconhecer, relações lógico-discursivas de oposição, marcadas por conjunções mais usuais em cartas.",x,x,x,x,x,2.0,EF05LP07,"Analisar relações de causa e
consequência.(5º ano)
"
D22-5EF," Reconhecer, em textos de nível 2, relações lógico-discursivas adição, oposição, condição marcadas por conjunções mais usuais.","Textos de até 15 linhas, com períodos de até duas linhas e intercalações breves, pertencente a qualquer um dos campos de atuação.",D22-5EF-CL03,"Reconhecer, relações lógico-discursivas de condição, marcadas por conjunções mais usuais em cartas.",x,x,x,x,x,2.0,EF05LP07,"Analisar relações de causa e
consequência.(5º ano)
"
D22-5EF," Reconhecer, em textos de nível 2, relações lógico-discursivas adição, oposição, condição marcadas por conjunções mais usuais.","Textos de até 15 linhas, com períodos de até duas linhas e intercalações breves, pertencente a qualquer um dos campos de atuação.",D22-5EF-CL04,"Reconhecer, relações lógico-discursivas de adição, marcadas por conjunções mais usuais, em diários.",x,x,x,x,x,2.0,EF05LP07,"Analisar relações de causa e
consequência.(5º ano)
"
D22-5EF," Reconhecer, em textos de nível 2, relações lógico-discursivas adição, oposição, condição marcadas por conjunções mais usuais.","Textos de até 15 linhas, com períodos de até duas linhas e intercalações breves, pertencente a qualquer um dos campos de atuação.",D22-5EF-CL05,"Reconhecer, relações lógico-discursivas de oposição, marcadas por conjunções mais usuais em diários.",x,x,x,x,x,2.0,EF05LP07,"Analisar relações de causa e
consequência.(5º ano)
"
D22-5EF," Reconhecer, em textos de nível 2, relações lógico-discursivas adição, oposição, condição marcadas por conjunções mais usuais.","Textos de até 15 linhas, com períodos de até duas linhas e intercalações breves, pertencente a qualquer um dos campos de atuação.",D22-5EF-CL06,"Reconhecer, relações lógico-discursivas de condição, marcadas por conjunções mais usuais em diários.",x,x,x,x,x,2.0,EF05LP07,"Analisar relações de causa e
consequência.(5º ano)
"
D22-5EF," Reconhecer, em textos de nível 2, relações lógico-discursivas adição, oposição, condição marcadas por conjunções mais usuais.","Textos de até 15 linhas, com períodos de até duas linhas e intercalações breves, pertencente a qualquer um dos campos de atuação.",D22-5EF-CL07,"Reconhecer, relações lógico-discursivas de adição, marcadas por conjunções mais usuais, em instruções de montagem.",x,x,x,x,x,2.0,EF05LP07,"Analisar relações de causa e
consequência.(5º ano)
"
D22-5EF," Reconhecer, em textos de nível 2, relações lógico-discursivas adição, oposição, condição marcadas por conjunções mais usuais.","Textos de até 15 linhas, com períodos de até duas linhas e intercalações breves, pertencente a qualquer um dos campos de atuação.",D22-5EF-CL08,"Reconhecer, relações lógico-discursivas de oposição, marcadas por conjunções mais usuais em instruções de montagem.",x,x,x,x,x,2.0,EF05LP07,"Analisar relações de causa e
consequência.(5º ano)
"
D22-5EF," Reconhecer, em textos de nível 2, relações lógico-discursivas adição, oposição, condição marcadas por conjunções mais usuais.","Textos de até 15 linhas, com períodos de até duas linhas e intercalações breves, pertencente a qualquer um dos campos de atuação.",D22-5EF-CL09,"Reconhecer, relações lógico-discursivas de condição, marcadas por conjunções mais usuais em instruções de montagem.",x,x,x,x,x,2.0,EF05LP07,"Analisar relações de causa e
consequência.(5º ano)
"
D22-5EF," Reconhecer, em textos de nível 2, relações lógico-discursivas adição, oposição, condição marcadas por conjunções mais usuais.","Textos de até 15 linhas, com períodos de até duas linhas e intercalações breves, pertencente a qualquer um dos campos de atuação.",D22-5EF-CL010,"Reconhecer, relações lógico-discursivas de adição, marcadas por conjunções mais usuais, em contos.",x,x,x,x,x,2.0,EF05LP07,"Analisar relações de causa e
consequência.(5º ano)
"
D22-5EF," Reconhecer, em textos de nível 2, relações lógico-discursivas adição, oposição, condição marcadas por conjunções mais usuais.","Textos de até 15 linhas, com períodos de até duas linhas e intercalações breves, pertencente a qualquer um dos campos de atuação.",D22-5EF-CL11,"Reconhecer, relações lógico-discursivas de oposição, marcadas por conjunções mais usuais em contos.",x,x,x,x,x,2.0,EF05LP07,"Analisar relações de causa e
consequência.(5º ano)
"
D22-5EF," Reconhecer, em textos de nível 2, relações lógico-discursivas adição, oposição, condição marcadas por conjunções mais usuais.","Textos de até 15 linhas, com períodos de até duas linhas e intercalações breves, pertencente a qualquer um dos campos de atuação.",D22-5EF-CL12,"Reconhecer, relações lógico-discursivas de condição, marcadas por conjunções mais usuais em contos.",x,x,x,x,x,2.0,EF05LP07,"Analisar relações de causa e
consequência.(5º ano)
"
D22-5EF," Reconhecer, em textos de nível 2, relações lógico-discursivas adição, oposição, condição marcadas por conjunções mais usuais.","Textos de até 15 linhas, com períodos de até duas linhas e intercalações breves, pertencente a qualquer um dos campos de atuação.",D22-5EF-CL013,"Reconhecer, relações lógico-discursivas de adição, marcadas por conjunções mais usuais, em fábulas.",x,x,x,x,x,2.0,EF05LP07,"Analisar relações de causa e
consequência.(5º ano)
"
D22-5EF," Reconhecer, em textos de nível 2, relações lógico-discursivas adição, oposição, condição marcadas por conjunções mais usuais.","Textos de até 15 linhas, com períodos de até duas linhas e intercalações breves, pertencente a qualquer um dos campos de atuação.",D22-5EF-CL14,"Reconhecer, relações lógico-discursivas de oposição, marcadas por conjunções mais usuais em fábulas.",x,x,x,x,x,2.0,EF05LP07,"Analisar relações de causa e
consequência.(5º ano)
"
D22-5EF," Reconhecer, em textos de nível 2, relações lógico-discursivas adição, oposição, condição marcadas por conjunções mais usuais.","Textos de até 15 linhas, com períodos de até duas linhas e intercalações breves, pertencente a qualquer um dos campos de atuação.",D22-5EF-CL15,"Reconhecer, relações lógico-discursivas de condição, marcadas por conjunções mais usuais em fábulas.",x,x,x,x,x,2.0,EF05LP07,"Analisar relações de causa e
consequência.(5º ano)
"
D22-5EF," Reconhecer, em textos de nível 2, relações lógico-discursivas adição, oposição, condição marcadas por conjunções mais usuais.","Textos de até 15 linhas, com períodos de até duas linhas e intercalações breves, pertencente a qualquer um dos campos de atuação.",D22-5EF-CL016,"Reconhecer, relações lógico-discursivas de adição, marcadas por conjunções mais usuais, em lendas.",x,x,x,x,x,2.0,EF05LP07,"Analisar relações de causa e
consequência.(5º ano)
"
D22-5EF," Reconhecer, em textos de nível 2, relações lógico-discursivas adição, oposição, condição marcadas por conjunções mais usuais.","Textos de até 15 linhas, com períodos de até duas linhas e intercalações breves, pertencente a qualquer um dos campos de atuação.",D22-5EF-CL17,"Reconhecer, relações lógico-discursivas de oposição, marcadas por conjunções mais usuais em lendas.",x,x,x,x,x,2.0,EF05LP07,"Analisar relações de causa e
consequência.(5º ano)
"
D22-5EF," Reconhecer, em textos de nível 2, relações lógico-discursivas adição, oposição, condição marcadas por conjunções mais usuais.","Textos de até 15 linhas, com períodos de até duas linhas e intercalações breves, pertencente a qualquer um dos campos de atuação.",D22-5EF-CL18,"Reconhecer, relações lógico-discursivas de condição, marcadas por conjunções mais usuais em lendas.",x,x,x,x,x,2.0,EF05LP07,"Analisar relações de causa e
consequência.(5º ano)
"
D22-5EF," Reconhecer, em textos de nível 2, relações lógico-discursivas adição, oposição, condição marcadas por conjunções mais usuais.","Textos de até 15 linhas, com períodos de até duas linhas e intercalações breves, pertencente a qualquer um dos campos de atuação.",D22-5EF-CL019,"Reconhecer, relações lógico-discursivas de adição, marcadas por conjunções mais usuais, em texto dramático.",x,x,x,x,x,2.0,EF05LP07,"Analisar relações de causa e
consequência.(5º ano)
"
D22-5EF," Reconhecer, em textos de nível 2, relações lógico-discursivas adição, oposição, condição marcadas por conjunções mais usuais.","Textos de até 15 linhas, com períodos de até duas linhas e intercalações breves, pertencente a qualquer um dos campos de atuação.",D22-5EF-CL20,"Reconhecer, relações lógico-discursivas de oposição, marcadas por conjunções mais usuais em texto dramático.",x,x,x,x,x,2.0,EF05LP07,"Analisar relações de causa e
consequência.(5º ano)
"
D22-5EF," Reconhecer, em textos de nível 2, relações lógico-discursivas adição, oposição, condição marcadas por conjunções mais usuais.","Textos de até 15 linhas, com períodos de até duas linhas e intercalações breves, pertencente a qualquer um dos campos de atuação.",D22-5EF-CL21,"Reconhecer, relações lógico-discursivas de condição, marcadas por conjunções mais usuais em texto dramático.",x,x,x,x,x,2.0,EF05LP07,"Analisar relações de causa e
consequência.(5º ano)
"
D22-5EF," Reconhecer, em textos de nível 2, relações lógico-discursivas adição, oposição, condição marcadas por conjunções mais usuais.","Textos de até 15 linhas, com períodos de até duas linhas e intercalações breves, pertencente a qualquer um dos campos de atuação.",D22-5EF-CL022,"Reconhecer, relações lógico-discursivas de adição, marcadas por conjunções mais usuais, em poemas.",x,x,x,x,x,2.0,EF05LP07,"Analisar relações de causa e
consequência.(5º ano)
"
D22-5EF," Reconhecer, em textos de nível 2, relações lógico-discursivas adição, oposição, condição marcadas por conjunções mais usuais.","Textos de até 15 linhas, com períodos de até duas linhas e intercalações breves, pertencente a qualquer um dos campos de atuação.",D22-5EF-CL23,"Reconhecer, relações lógico-discursivas de oposição, marcadas por conjunções mais usuais em poemas.",x,x,x,x,x,2.0,EF05LP07,"Analisar relações de causa e
consequência.(5º ano)
"
D22-5EF," Reconhecer, em textos de nível 2, relações lógico-discursivas adição, oposição, condição marcadas por conjunções mais usuais.","Textos de até 15 linhas, com períodos de até duas linhas e intercalações breves, pertencente a qualquer um dos campos de atuação.",D22-5EF-CL24,"Reconhecer, relações lógico-discursivas de condição, marcadas por conjunções mais usuais em poemas.",x,x,x,x,x,2.0,EF05LP07,"Analisar relações de causa e
consequência.(5º ano)
"
D22-5EF," Reconhecer, em textos de nível 2, relações lógico-discursivas adição, oposição, condição marcadas por conjunções mais usuais.","Textos de até 15 linhas, com períodos de até duas linhas e intercalações breves, pertencente a qualquer um dos campos de atuação.",D22-5EF-CL25,"Reconhecer, relações lógico-discursivas de adição, marcadas por conjunções mais usuais, em estatutos e leis adaptados ao público infanto-juvenil.",x,x,x,x,x,2.0,EF05LP07,"Analisar relações de causa e
consequência.(5º ano)
"
D22-5EF," Reconhecer, em textos de nível 2, relações lógico-discursivas adição, oposição, condição marcadas por conjunções mais usuais.","Textos de até 15 linhas, com períodos de até duas linhas e intercalações breves, pertencente a qualquer um dos campos de atuação.",D22-5EF-CL26,"Reconhecer, relações lógico-discursivas de oposição, marcadas por conjunções mais usuais em estatutos e leis adaptados ao público infanto-juvenil.",x,x,x,x,x,2.0,EF05LP07,"Analisar relações de causa e
consequência.(5º ano)
"
D22-5EF," Reconhecer, em textos de nível 2, relações lógico-discursivas adição, oposição, condição marcadas por conjunções mais usuais.","Textos de até 15 linhas, com períodos de até duas linhas e intercalações breves, pertencente a qualquer um dos campos de atuação.",D22-5EF-CL27,"Reconhecer, relações lógico-discursivas de condição, marcadas por conjunções mais usuais em em estatutos e leis adaptados ao público infanto-juvenil.",x,x,x,x,x,2.0,EF05LP07,"Analisar relações de causa e
consequência.(5º ano)
"
D22-5EF," Reconhecer, em textos de nível 2, relações lógico-discursivas adição, oposição, condição marcadas por conjunções mais usuais.","Textos de até 15 linhas, com períodos de até duas linhas e intercalações breves, pertencente a qualquer um dos campos de atuação.",D22-5EF-CL28,"Reconhecer, relações lógico-discursivas de adição, marcadas por conjunções mais usuais, em cartas do leitor.",x,x,x,x,x,2.0,EF05LP07,"Analisar relações de causa e
consequência.(5º ano)
"
D22-5EF," Reconhecer, em textos de nível 2, relações lógico-discursivas adição, oposição, condição marcadas por conjunções mais usuais.","Textos de até 15 linhas, com períodos de até duas linhas e intercalações breves, pertencente a qualquer um dos campos de atuação.",D22-5EF-CL29,"Reconhecer, relações lógico-discursivas de oposição, marcadas por conjunções mais usuais em cartas do leitor.",x,x,x,x,x,2.0,EF05LP07,"Analisar relações de causa e
consequência.(5º ano)
"
D22-5EF," Reconhecer, em textos de nível 2, relações lógico-discursivas adição, oposição, condição marcadas por conjunções mais usuais.","Textos de até 15 linhas, com períodos de até duas linhas e intercalações breves, pertencente a qualquer um dos campos de atuação.",D22-5EF-CL30,"Reconhecer, relações lógico-discursivas de condição, marcadas por conjunções mais usuais em cartas do leitor.",x,x,x,x,x,2.0,EF05LP07,"Analisar relações de causa e
consequência.(5º ano)
"
D22-5EF," Reconhecer, em textos de nível 2, relações lógico-discursivas adição, oposição, condição marcadas por conjunções mais usuais.","Textos de até 15 linhas, com períodos de até duas linhas e intercalações breves, pertencente a qualquer um dos campos de atuação.",D22-5EF-CL31,"Reconhecer, relações lógico-discursivas de adição, marcadas por conjunções mais usuais, em notícias.",x,x,x,x,x,2.0,EF05LP07,"Analisar relações de causa e
consequência.(5º ano)
"
D22-5EF," Reconhecer, em textos de nível 2, relações lógico-discursivas adição, oposição, condição marcadas por conjunções mais usuais.","Textos de até 15 linhas, com períodos de até duas linhas e intercalações breves, pertencente a qualquer um dos campos de atuação.",D22-5EF-CL32,"Reconhecer, relações lógico-discursivas de oposição, marcadas por conjunções mais usuais em notícias.",x,x,x,x,x,2.0,EF05LP07,"Analisar relações de causa e
consequência.(5º ano)
"
D22-5EF," Reconhecer, em textos de nível 2, relações lógico-discursivas adição, oposição, condição marcadas por conjunções mais usuais.","Textos de até 15 linhas, com períodos de até duas linhas e intercalações breves, pertencente a qualquer um dos campos de atuação.",D22-5EF-CL33,"Reconhecer, relações lógico-discursivas de condição, marcadas por conjunções mais usuais em notícias.",x,x,x,x,x,2.0,EF05LP07,"Analisar relações de causa e
consequência.(5º ano)
"
D22-5EF," Reconhecer, em textos de nível 2, relações lógico-discursivas adição, oposição, condição marcadas por conjunções mais usuais.","Textos de até 15 linhas, com períodos de até duas linhas e intercalações breves, pertencente a qualquer um dos campos de atuação.",D22-5EF-CL34,"Reconhecer, relações lógico-discursivas de adição, marcadas por conjunções mais usuais, em reportagens adaptadas ao público infanto-juvenil.",x,x,x,x,x,2.0,EF05LP07,"Analisar relações de causa e
consequência.(5º ano)
"
D22-5EF," Reconhecer, em textos de nível 2, relações lógico-discursivas adição, oposição, condição marcadas por conjunções mais usuais.","Textos de até 15 linhas, com períodos de até duas linhas e intercalações breves, pertencente a qualquer um dos campos de atuação.",D22-5EF-CL35,"Reconhecer, relações lógico-discursivas de oposição, marcadas por conjunções mais usuais em reportagens adaptadas ao público infanto-juvenil.",x,x,x,x,x,2.0,EF05LP07,"Analisar relações de causa e
consequência.(5º ano)
"
D22-5EF," Reconhecer, em textos de nível 2, relações lógico-discursivas adição, oposição, condição marcadas por conjunções mais usuais.","Textos de até 15 linhas, com períodos de até duas linhas e intercalações breves, pertencente a qualquer um dos campos de atuação.",D22-5EF-CL36,"Reconhecer, relações lógico-discursivas de condição, marcadas por conjunções mais usuais em reportagens adaptadas ao público infanto-juvenil.",x,x,x,x,x,2.0,EF05LP07,"Analisar relações de causa e
consequência.(5º ano)
"
D22-5EF," Reconhecer, em textos de nível 2, relações lógico-discursivas adição, oposição, condição marcadas por conjunções mais usuais.","Textos de até 15 linhas, com períodos de até duas linhas e intercalações breves, pertencente a qualquer um dos campos de atuação.",D22-5EF-CL37,"Reconhecer, relações lógico-discursivas de adição, marcadas por conjunções mais usuais, em texto de curiosidades.",x,x,x,x,x,2.0,EF05LP07,"Analisar relações de causa e
consequência.(5º ano)
"
D22-5EF," Reconhecer, em textos de nível 2, relações lógico-discursivas adição, oposição, condição marcadas por conjunções mais usuais.","Textos de até 15 linhas, com períodos de até duas linhas e intercalações breves, pertencente a qualquer um dos campos de atuação.",D22-5EF-CL38,"Reconhecer, relações lógico-discursivas de oposição, marcadas por conjunções mais usuais em texto de curiosidades.",x,x,x,x,x,2.0,EF05LP07,"Analisar relações de causa e
consequência.(5º ano)
"
D22-5EF," Reconhecer, em textos de nível 2, relações lógico-discursivas adição, oposição, condição marcadas por conjunções mais usuais.","Textos de até 15 linhas, com períodos de até duas linhas e intercalações breves, pertencente a qualquer um dos campos de atuação.",D22-5EF-CL39,"Reconhecer, relações lógico-discursivas de condição, marcadas por conjunções mais usuais em texto de curiosidades.",x,x,x,x,x,2.0,EF05LP07,"Analisar relações de causa e
consequência.(5º ano)
"
D22-5EF," Reconhecer, em textos de nível 2, relações lógico-discursivas adição, oposição, condição marcadas por conjunções mais usuais.","Textos de até 15 linhas, com períodos de até duas linhas e intercalações breves, pertencente a qualquer um dos campos de atuação.",D22-5EF-CL40,"Reconhecer, relações lógico-discursivas de adição, marcadas por conjunções mais usuais, em artigo científico adaptado ao público infanto-juvenil.",x,x,x,x,x,2.0,EF05LP07,"Analisar relações de causa e
consequência.(5º ano)
"
D22-5EF," Reconhecer, em textos de nível 2, relações lógico-discursivas adição, oposição, condição marcadas por conjunções mais usuais.","Textos de até 15 linhas, com períodos de até duas linhas e intercalações breves, pertencente a qualquer um dos campos de atuação.",D22-5EF-CL41,"Reconhecer, relações lógico-discursivas de oposição, marcadas por conjunções mais usuais em artigo científico adaptado ao público infanto-juvenil.",x,x,x,x,x,2.0,EF05LP07,"Analisar relações de causa e
consequência.(5º ano)
"
D22-5EF," Reconhecer, em textos de nível 2, relações lógico-discursivas adição, oposição, condição marcadas por conjunções mais usuais.","Textos de até 15 linhas, com períodos de até duas linhas e intercalações breves, pertencente a qualquer um dos campos de atuação.",D22-5EF-CL42,"Reconhecer, relações lógico-discursivas de condição, marcadas por conjunções mais usuais em artigo científico adaptado ao público infanto-juvenil.",x,x,x,x,x,2.0,EF05LP07,"Analisar relações de causa e
consequência.(5º ano)
"
D23-3EF,"Identificar, em textos de nível 1,  o referente de pronomes pessoais do caso reto (anafórico) com referente próximo.","Textos de até 10 linhas, composto por períodos simples ou com breves intercalações, que circulam em qualquer um dos campo de atuação.",D23-3EF-CL01,Identificar o referente de pronomes pessoais do caso reto (anafórico) com referente próximo em bilhetes.,x,x,x,x,x,2.0,EF35LP14,Identificar os mecanismos de referenciação lexical e pronominal.(5º ano)
D23-3EF,"Identificar, em textos de nível 1,  o referente de pronomes pessoais do caso reto (anafórico) com referente próximo.","Textos de até 10 linhas, composto por períodos simples ou com breves intercalações, que circulam em qualquer um dos campo de atuação.",D23-3EF-CL02,Identificar o referente de pronomes pessoais do caso reto (anafórico) com referente próximo em cartas.,x,x,x,x,x,2.0,EF35LP14,Identificar os mecanismos de referenciação lexical e pronominal.(5º ano)
D23-3EF,"Identificar, em textos de nível 1,  o referente de pronomes pessoais do caso reto (anafórico) com referente próximo.","Textos de até 10 linhas, composto por períodos simples ou com breves intercalações, que circulam em qualquer um dos campo de atuação.",D23-3EF-CL03,Identificar o referente de pronomes pessoais do caso reto (anafórico) com referente próximo em receita.,x,x,x,x,x,2.0,EF35LP14,Identificar os mecanismos de referenciação lexical e pronominal.(5º ano)
D23-3EF,"Identificar, em textos de nível 1,  o referente de pronomes pessoais do caso reto (anafórico) com referente próximo.","Textos de até 10 linhas, composto por períodos simples ou com breves intercalações, que circulam em qualquer um dos campo de atuação.",D23-3EF-CL04,Identificar o referente de pronomes pessoais do caso reto (anafórico) com referente próximo em regra de jogo/brincadeira.,x,x,x,x,x,2.0,EF35LP14,Identificar os mecanismos de referenciação lexical e pronominal.(5º ano)
D23-3EF,"Identificar, em textos de nível 1,  o referente de pronomes pessoais do caso reto (anafórico) com referente próximo.","Textos de até 10 linhas, composto por períodos simples ou com breves intercalações, que circulam em qualquer um dos campo de atuação.",D23-3EF-CL05,Identificar o referente de pronomes pessoais do caso reto (anafórico) com referente próximo em contos infantis.,x,x,x,x,x,2.0,EF35LP14,Identificar os mecanismos de referenciação lexical e pronominal.(5º ano)
D23-3EF,"Identificar, em textos de nível 1,  o referente de pronomes pessoais do caso reto (anafórico) com referente próximo.","Textos de até 10 linhas, composto por períodos simples ou com breves intercalações, que circulam em qualquer um dos campo de atuação.",D23-3EF-CL06,Identificar o referente de pronomes pessoais do caso reto (anafórico) com referente próximo em fábulas.,x,x,x,x,x,2.0,EF35LP14,Identificar os mecanismos de referenciação lexical e pronominal.(5º ano)
D23-3EF,"Identificar, em textos de nível 1,  o referente de pronomes pessoais do caso reto (anafórico) com referente próximo.","Textos de até 10 linhas, composto por períodos simples ou com breves intercalações, que circulam em qualquer um dos campo de atuação.",D23-3EF-CL07,Identificar o referente de pronomes pessoais do caso reto (anafórico) com referente próximo em poemas narrativos.,x,x,x,x,x,2.0,EF35LP14,Identificar os mecanismos de referenciação lexical e pronominal.(5º ano)
D23-3EF,"Identificar, em textos de nível 1,  o referente de pronomes pessoais do caso reto (anafórico) com referente próximo.","Textos de até 10 linhas, composto por períodos simples ou com breves intercalações, que circulam em qualquer um dos campo de atuação.",D23-3EF-CL08,Identificar o referente de pronomes pessoais do caso reto (anafórico) com referente próximo em regras de convivência.,x,x,x,x,x,2.0,EF35LP14,Identificar os mecanismos de referenciação lexical e pronominal.(5º ano)
D23-3EF,"Identificar, em textos de nível 1,  o referente de pronomes pessoais do caso reto (anafórico) com referente próximo.","Textos de até 10 linhas, composto por períodos simples ou com breves intercalações, que circulam em qualquer um dos campo de atuação.",D23-3EF-CL09,Identificar o referente de pronomes pessoais do caso reto (anafórico) com referente próximo em notícias.,x,x,x,x,x,2.0,EF35LP14,Identificar os mecanismos de referenciação lexical e pronominal.(5º ano)
D23-3EF,"Identificar, em textos de nível 1,  o referente de pronomes pessoais do caso reto (anafórico) com referente próximo.","Textos de até 10 linhas, composto por períodos simples ou com breves intercalações, que circulam em qualquer um dos campo de atuação.",D23-3EF-CL10,Identificar o referente de pronomes pessoais do caso reto (anafórico) com referente próximo em cartas do leitor.,x,x,x,x,x,2.0,EF35LP14,Identificar os mecanismos de referenciação lexical e pronominal.(5º ano)
D23-3EF,"Identificar, em textos de nível 1,  o referente de pronomes pessoais do caso reto (anafórico) com referente próximo.","Textos de até 10 linhas, composto por períodos simples ou com breves intercalações, que circulam em qualquer um dos campo de atuação.",D23-3EF-CL11,Identificar o referente de pronomes pessoais do caso reto (anafórico) com referente próximo em textos de curiosidades.,x,x,x,x,x,2.0,EF35LP14,Identificar os mecanismos de referenciação lexical e pronominal.(5º ano)
D23-4EF,"Identificar, em textos de nível 2,  o referente de pronomes pessoais do caso reto (anafórico) com referente próximo ou saliente (tópico do texto) ou de substituições lexicais (substantivos por sinônimos).","Textos de até 15 linhas, com períodos de até duas linhas e intercalações breves, pertencente a qualquer um dos campos de atuação.",D23-4EF-CL01,Identificar o referente de pronomes pessoais do caso reto (anafórico) com referente próximo ou saliente (tópico do texto) ou de substituições lexicais (substantivos por sinônimos) em cartas.,x,x,x,x,x,2.0,EF35LP14,Identificar os mecanismos de referenciação lexical e pronominal.(5º ano)
D23-4EF,"Identificar, em textos de nível 2,  o referente de pronomes pessoais do caso reto (anafórico) com referente próximo ou saliente (tópico do texto) ou de substituições lexicais (substantivos por sinônimos).","Textos de até 15 linhas, com períodos de até duas linhas e intercalações breves, pertencente a qualquer um dos campos de atuação.",D23-4EF-CL02,Identificar o referente de pronomes pessoais do caso reto (anafórico) com referente próximo ou saliente (tópico do texto) ou de substituições lexicais (substantivos por sinônimos) em diários.,x,x,x,x,x,2.0,EF35LP14,Identificar os mecanismos de referenciação lexical e pronominal.(5º ano)
D23-4EF,"Identificar, em textos de nível 2,  o referente de pronomes pessoais do caso reto (anafórico) com referente próximo ou saliente (tópico do texto) ou de substituições lexicais (substantivos por sinônimos).","Textos de até 15 linhas, com períodos de até duas linhas e intercalações breves, pertencente a qualquer um dos campos de atuação.",D23-4EF-C3,Identificar o referente de pronomes pessoais do caso reto (anafórico) com referente próximo ou saliente (tópico do texto) ou de substituições lexicais (substantivos por sinônimos) em receita.,x,x,x,x,x,2.0,EF35LP14,Identificar os mecanismos de referenciação lexical e pronominal.(5º ano)
D23-4EF,"Identificar, em textos de nível 2,  o referente de pronomes pessoais do caso reto (anafórico) com referente próximo ou saliente (tópico do texto) ou de substituições lexicais (substantivos por sinônimos).","Textos de até 15 linhas, com períodos de até duas linhas e intercalações breves, pertencente a qualquer um dos campos de atuação.",D23-4EF-CL04,Identificar o referente de pronomes pessoais do caso reto (anafórico) com referente próximo ou saliente (tópico do texto) ou de substituições lexicais (substantivos por sinônimos) em regra de jogo/brincadeira.,x,x,x,x,x,2.0,EF35LP14,Identificar os mecanismos de referenciação lexical e pronominal.(5º ano)
D23-4EF,"Identificar, em textos de nível 2,  o referente de pronomes pessoais do caso reto (anafórico) com referente próximo ou saliente (tópico do texto) ou de substituições lexicais (substantivos por sinônimos).","Textos de até 15 linhas, com períodos de até duas linhas e intercalações breves, pertencente a qualquer um dos campos de atuação.",D23-4EF-CL05,Identificar o referente de pronomes pessoais do caso reto (anafórico) com referente próximo ou saliente (tópico do texto) ou de substituições lexicais (substantivos por sinônimos) em contos infantis.,x,x,x,x,x,2.0,EF35LP14,Identificar os mecanismos de referenciação lexical e pronominal.(5º ano)
D23-4EF,"Identificar, em textos de nível 2,  o referente de pronomes pessoais do caso reto (anafórico) com referente próximo ou saliente (tópico do texto) ou de substituições lexicais (substantivos por sinônimos).","Textos de até 15 linhas, com períodos de até duas linhas e intercalações breves, pertencente a qualquer um dos campos de atuação.",D23-4EF-CL06,Identificar o referente de pronomes pessoais do caso reto (anafórico) com referente próximo ou saliente (tópico do texto) ou de substituições lexicais (substantivos por sinônimos) em fábulas.,x,x,x,x,x,2.0,EF35LP14,Identificar os mecanismos de referenciação lexical e pronominal.(5º ano)
D23-4EF,"Identificar, em textos de nível 2,  o referente de pronomes pessoais do caso reto (anafórico) com referente próximo ou saliente (tópico do texto) ou de substituições lexicais (substantivos por sinônimos).","Textos de até 15 linhas, com períodos de até duas linhas e intercalações breves, pertencente a qualquer um dos campos de atuação.",D23-4EF-CL07,Identificar o referente de pronomes pessoais do caso reto (anafórico) com referente próximo ou saliente (tópico do texto) ou de substituições lexicais (substantivos por sinônimos) em poemas narrativos.,x,x,x,x,x,2.0,EF35LP14,Identificar os mecanismos de referenciação lexical e pronominal.(5º ano)
D23-4EF,"Identificar, em textos de nível 2,  o referente de pronomes pessoais do caso reto (anafórico) com referente próximo ou saliente (tópico do texto) ou de substituições lexicais (substantivos por sinônimos).","Textos de até 15 linhas, com períodos de até duas linhas e intercalações breves, pertencente a qualquer um dos campos de atuação.",D23-4EF-CL08,Identificar o referente de pronomes pessoais do caso reto (anafórico) com referente próximo ou saliente (tópico do texto) ou de substituições lexicais (substantivos por sinônimos) em estatutos e leis adaptados ao público infantil.,x,x,x,x,x,2.0,EF35LP14,Identificar os mecanismos de referenciação lexical e pronominal.(5º ano)
D23-4EF,"Identificar, em textos de nível 2,  o referente de pronomes pessoais do caso reto (anafórico) com referente próximo ou saliente (tópico do texto) ou de substituições lexicais (substantivos por sinônimos).","Textos de até 15 linhas, com períodos de até duas linhas e intercalações breves, pertencente a qualquer um dos campos de atuação.",D23-4EF-CL09,Identificar o referente de pronomes pessoais do caso reto (anafórico) com referente próximo ou saliente (tópico do texto) ou de substituições lexicais (substantivos por sinônimos) em notícias.,x,x,x,x,x,2.0,EF35LP14,Identificar os mecanismos de referenciação lexical e pronominal.(5º ano)
D23-4EF,"Identificar, em textos de nível 2,  o referente de pronomes pessoais do caso reto (anafórico) com referente próximo ou saliente (tópico do texto) ou de substituições lexicais (substantivos por sinônimos).","Textos de até 15 linhas, com períodos de até duas linhas e intercalações breves, pertencente a qualquer um dos campos de atuação.",D23-4EF-CL10,Identificar o referente de pronomes pessoais do caso reto (anafórico) com referente próximo ou saliente (tópico do texto) ou de substituições lexicais (substantivos por sinônimos) em textos de curiosidades.,x,x,x,x,x,2.0,EF35LP14,Identificar os mecanismos de referenciação lexical e pronominal.(5º ano)
D23-5EF,"Identificar, em textos de nível 2, o referente de uma expressão nominal com pronome adjetivo (possessivo, demonstrativo, indefinido) ou de elipses.","Textos de até 15 linhas, com períodos de até duas linhas e intercalações breves, pertencente a qualquer um dos campos de atuação.",D23-5EF-CL01,"Identificar o referente de uma expressão nominal com pronome adjetivo (possessivo, demonstrativo, indefinido) ou de elipses em cartas.",x,x,x,x,x,2.0,EF35LP14,Identificar os mecanismos de referenciação lexical e pronominal.(5º ano)
D23-5EF,"Identificar, em textos de nível 2, o referente de uma expressão nominal com pronome adjetivo (possessivo, demonstrativo, indefinido) ou de elipses.","Textos de até 15 linhas, com períodos de até duas linhas e intercalações breves, pertencente a qualquer um dos campos de atuação.",D23-5EF-CL02,"Identificar o referente de uma expressão nominal com pronome adjetivo (possessivo, demonstrativo, indefinido) ou de elipses em diários.",x,x,x,x,x,2.0,EF35LP14,Identificar os mecanismos de referenciação lexical e pronominal.(5º ano)
D23-5EF,"Identificar, em textos de nível 2, o referente de uma expressão nominal com pronome adjetivo (possessivo, demonstrativo, indefinido) ou de elipses.","Textos de até 15 linhas, com períodos de até duas linhas e intercalações breves, pertencente a qualquer um dos campos de atuação.",D23-5EF-CL03,"Identificar o referente de uma expressão nominal com pronome adjetivo (possessivo, demonstrativo, indefinido) ou de elipses em instruções de montagem.",x,x,x,x,x,2.0,EF35LP14,Identificar os mecanismos de referenciação lexical e pronominal.(5º ano)
D23-5EF,"Identificar, em textos de nível 2, o referente de uma expressão nominal com pronome adjetivo (possessivo, demonstrativo, indefinido) ou de elipses.","Textos de até 15 linhas, com períodos de até duas linhas e intercalações breves, pertencente a qualquer um dos campos de atuação.",D233-5EF-CL04,"Identificar o referente de uma expressão nominal com pronome adjetivo (possessivo, demonstrativo, indefinido) ou de elipses em contos.",x,x,x,x,x,2.0,EF35LP14,Identificar os mecanismos de referenciação lexical e pronominal.(5º ano)
D23-5EF,"Identificar, em textos de nível 2, o referente de uma expressão nominal com pronome adjetivo (possessivo, demonstrativo, indefinido) ou de elipses.","Textos de até 15 linhas, com períodos de até duas linhas e intercalações breves, pertencente a qualquer um dos campos de atuação.",D23-5EF-CL05,"Identificar o referente de uma expressão nominal com pronome adjetivo (possessivo, demonstrativo, indefinido) ou de elipses em fábulas.",x,x,x,x,x,2.0,EF35LP14,Identificar os mecanismos de referenciação lexical e pronominal.(5º ano)
D23-5EF,"Identificar, em textos de nível 2, o referente de uma expressão nominal com pronome adjetivo (possessivo, demonstrativo, indefinido) ou de elipses.","Textos de até 15 linhas, com períodos de até duas linhas e intercalações breves, pertencente a qualquer um dos campos de atuação.",D23-5EF-CL06,"Identificar o referente de uma expressão nominal com pronome adjetivo (possessivo, demonstrativo, indefinido) ou de elipses em lendas.",x,x,x,x,x,2.0,EF35LP14,Identificar os mecanismos de referenciação lexical e pronominal.(5º ano)
D23-5EF,"Identificar, em textos de nível 2, o referente de uma expressão nominal com pronome adjetivo (possessivo, demonstrativo, indefinido) ou de elipses.","Textos de até 15 linhas, com períodos de até duas linhas e intercalações breves, pertencente a qualquer um dos campos de atuação.",D23-5EF-CL07,"Identificar o referente de uma expressão nominal com pronome adjetivo (possessivo, demonstrativo, indefinido) ou de elipses em texto dramático.",x,x,x,x,x,2.0,EF35LP14,Identificar os mecanismos de referenciação lexical e pronominal.(5º ano)
D23-5EF,"Identificar, em textos de nível 2, o referente de uma expressão nominal com pronome adjetivo (possessivo, demonstrativo, indefinido) ou de elipses.","Textos de até 15 linhas, com períodos de até duas linhas e intercalações breves, pertencente a qualquer um dos campos de atuação.",D23-5EF-CL07,"Identificar o referente de uma expressão nominal com pronome adjetivo (possessivo, demonstrativo, indefinido) ou de elipses em poemas.",x,x,x,x,x,2.0,EF35LP14,Identificar os mecanismos de referenciação lexical e pronominal.(5º ano)
D23-5EF,"Identificar, em textos de nível 2, o referente de uma expressão nominal com pronome adjetivo (possessivo, demonstrativo, indefinido) ou de elipses.","Textos de até 15 linhas, com períodos de até duas linhas e intercalações breves, pertencente a qualquer um dos campos de atuação.",D23-5EF-CL08,"Identificar o referente de uma expressão nominal com pronome adjetivo (possessivo, demonstrativo, indefinido) ou de elipses em estatutos e leis adaptados ao público infanto-juvenil.",x,x,x,x,x,2.0,EF35LP14,Identificar os mecanismos de referenciação lexical e pronominal.(5º ano)
D23-5EF,"Identificar, em textos de nível 2, o referente de uma expressão nominal com pronome adjetivo (possessivo, demonstrativo, indefinido) ou de elipses.","Textos de até 15 linhas, com períodos de até duas linhas e intercalações breves, pertencente a qualquer um dos campos de atuação.",D23-5EF-CL09,"Identificar o referente de uma expressão nominal com pronome adjetivo (possessivo, demonstrativo, indefinido) ou de elipses em cartas do leitor.",x,x,x,x,x,2.0,EF35LP14,Identificar os mecanismos de referenciação lexical e pronominal.(5º ano)
D23-5EF,"Identificar, em textos de nível 2, o referente de uma expressão nominal com pronome adjetivo (possessivo, demonstrativo, indefinido) ou de elipses.","Textos de até 15 linhas, com períodos de até duas linhas e intercalações breves, pertencente a qualquer um dos campos de atuação.",D23-5EF-CL10,"Identificar o referente de uma expressão nominal com pronome adjetivo (possessivo, demonstrativo, indefinido) ou de elipses em notícias.",x,x,x,x,x,2.0,EF35LP14,Identificar os mecanismos de referenciação lexical e pronominal.(5º ano)
D23-5EF,"Identificar, em textos de nível 2, o referente de uma expressão nominal com pronome adjetivo (possessivo, demonstrativo, indefinido) ou de elipses.","Textos de até 15 linhas, com períodos de até duas linhas e intercalações breves, pertencente a qualquer um dos campos de atuação.",D23-5EF-CL11,"Identificar o referente de uma expressão nominal com pronome adjetivo (possessivo, demonstrativo, indefinido) ou de elipses em reportagens adaptadas ao público infanto-juvenil.",x,x,x,x,x,2.0,EF35LP14,Identificar os mecanismos de referenciação lexical e pronominal.(5º ano)
D23-5EF,"Identificar, em textos de nível 2, o referente de uma expressão nominal com pronome adjetivo (possessivo, demonstrativo, indefinido) ou de elipses.","Textos de até 15 linhas, com períodos de até duas linhas e intercalações breves, pertencente a qualquer um dos campos de atuação.",D23-5EF-CL12,"Identificar o referente de uma expressão nominal com pronome adjetivo (possessivo, demonstrativo, indefinido) ou de elipses em texto de curiosidade.",x,x,x,x,x,2.0,EF35LP14,Identificar os mecanismos de referenciação lexical e pronominal.(5º ano)
D23-5EF,"Identificar, em textos de nível 2, o referente de uma expressão nominal com pronome adjetivo (possessivo, demonstrativo, indefinido) ou de elipses.","Textos de até 15 linhas, com períodos de até duas linhas e intercalações breves, pertencente a qualquer um dos campos de atuação.",D23-5EF-CL13,"Identificar o referente de uma expressão nominal com pronome adjetivo (possessivo, demonstrativo, indefinido) ou de elipses em artigo científico adaptado ao público infanto-juvenil.",x,x,x,x,x,2.0,EF35LP14,Identificar os mecanismos de referenciação lexical e pronominal.(5º ano)
D24-2EF,Reconhecer o efeito de sentido produzido pelo uso de recursos expressivos gráfico-visuais em textos multissemióticos.,Textos multissemióticos.,D24-2EF-CL01,Reconhecer o efeito de sentido produzido pelo uso de recursos expressivos gráfico-visuais em tirinhas.,x,x,x,x,x,2.0,EF15LP14,"Analisar os efeitos de sentido
de recursos multissemióticos
em textos que circulam em
diferentes suportes. (5º ano)
"
D24-2EF,Reconhecer o efeito de sentido produzido pelo uso de recursos expressivos gráfico-visuais em textos multissemióticos.,Textos multissemióticos.,D24-2EF-CL02,Reconhecer o efeito de sentido produzido pelo uso de recursos expressivos gráfico-visuais em histórias em quadrinhos.,x,x,x,x,x,2.0,EF15LP14,"Analisar os efeitos de sentido
de recursos multissemióticos
em textos que circulam em
diferentes suportes. (5º ano)
"
D24-3EF,"Reconhecer, em textos de nível 1,  o efeito de sentido produzido pelos pontos de exclamação e interrogação.","Textos de até 10 linhas, composto por períodos simples ou com breves intercalações, que circulam em qualquer um dos campo de atuação.",D24-3EF-CL01,Reconhecer o efeito de sentido produzido pelos pontos de exclamação e interrogação em bilhetes.,x,x,x,x,x,2.0,EF01LP14,"Analisar os efeitos de sentido
decorrentes do uso da
pontuação. (5º ano)
"
D24-3EF,"Reconhecer, em textos de nível 1,  o efeito de sentido produzido pelos pontos de exclamação e interrogação.","Textos de até 10 linhas, composto por períodos simples ou com breves intercalações, que circulam em qualquer um dos campo de atuação.",D24-3EF-CL02,Reconhecer o efeito de sentido produzido pelos pontos de exclamação e interrogação em cartas.,x,x,x,x,x,2.0,EF01LP14,"Analisar os efeitos de sentido
decorrentes do uso da
pontuação. (5º ano)
"
D24-3EF,"Reconhecer, em textos de nível 1,  o efeito de sentido produzido pelos pontos de exclamação e interrogação.","Textos de até 10 linhas, composto por períodos simples ou com breves intercalações, que circulam em qualquer um dos campo de atuação.",D24-3EF-CL03,Reconhecer o efeito de sentido produzido pelos pontos de exclamação e interrogação em receita.,x,x,x,x,x,2.0,EF01LP14,"Analisar os efeitos de sentido
decorrentes do uso da
pontuação. (5º ano)
"
D24-3EF,"Reconhecer, em textos de nível 1,  o efeito de sentido produzido pelos pontos de exclamação e interrogação.","Textos de até 10 linhas, composto por períodos simples ou com breves intercalações, que circulam em qualquer um dos campo de atuação.",D24-3EF-CL04,Reconhecer o efeito de sentido produzido pelos pontos de exclamação e interrogação em regra de jogo/brincadeira.,x,x,x,x,x,2.0,EF01LP14,"Analisar os efeitos de sentido
decorrentes do uso da
pontuação. (5º ano)
"
D24-3EF,"Reconhecer, em textos de nível 1,  o efeito de sentido produzido pelos pontos de exclamação e interrogação.","Textos de até 10 linhas, composto por períodos simples ou com breves intercalações, que circulam em qualquer um dos campo de atuação.",D24-3EF-CL05,Reconhecer o efeito de sentido produzido pelos pontos de exclamação e interrogação em contos infantis.,x,x,x,x,x,2.0,EF01LP14,"Analisar os efeitos de sentido
decorrentes do uso da
pontuação. (5º ano)
"
D24-3EF,"Reconhecer, em textos de nível 1,  o efeito de sentido produzido pelos pontos de exclamação e interrogação.","Textos de até 10 linhas, composto por períodos simples ou com breves intercalações, que circulam em qualquer um dos campo de atuação.",D24-3EF-CL06,Reconhecer o efeito de sentido produzido pelos pontos de exclamação e interrogação em fábulas.,x,x,x,x,x,2.0,EF01LP14,"Analisar os efeitos de sentido
decorrentes do uso da
pontuação. (5º ano)
"
D24-3EF,"Reconhecer, em textos de nível 1,  o efeito de sentido produzido pelos pontos de exclamação e interrogação.","Textos de até 10 linhas, composto por períodos simples ou com breves intercalações, que circulam em qualquer um dos campo de atuação.",D24-3EF-CL07,Reconhecer o efeito de sentido produzido pelos pontos de exclamação e interrogação em poemas narrativos.,x,x,x,x,x,2.0,EF01LP14,"Analisar os efeitos de sentido
decorrentes do uso da
pontuação. (5º ano)
"
D24-3EF,"Reconhecer, em textos de nível 1,  o efeito de sentido produzido pelos pontos de exclamação e interrogação.","Textos de até 10 linhas, composto por períodos simples ou com breves intercalações, que circulam em qualquer um dos campo de atuação.",D24-3EF-CL08,Reconhecer o efeito de sentido produzido pelos pontos de exclamação e interrogação em regras de convivência.,x,x,x,x,x,2.0,EF01LP14,"Analisar os efeitos de sentido
decorrentes do uso da
pontuação. (5º ano)
"
D24-3EF,"Reconhecer, em textos de nível 1,  o efeito de sentido produzido pelos pontos de exclamação e interrogação.","Textos de até 10 linhas, composto por períodos simples ou com breves intercalações, que circulam em qualquer um dos campo de atuação.",D24-3EF-CL09,Reconhecer o efeito de sentido produzido pelos pontos de exclamação e interrogação em notícias.,x,x,x,x,x,2.0,EF01LP14,"Analisar os efeitos de sentido
decorrentes do uso da
pontuação. (5º ano)
"
D24-3EF,"Reconhecer, em textos de nível 1,  o efeito de sentido produzido pelos pontos de exclamação e interrogação.","Textos de até 10 linhas, composto por períodos simples ou com breves intercalações, que circulam em qualquer um dos campo de atuação.",D24-3EF-CL10,Identificar o referente de pronomes pessoais do caso reto (anafórico) com referente próximo em cartas do leitor.,x,x,x,x,x,2.0,EF01LP14,"Analisar os efeitos de sentido
decorrentes do uso da
pontuação. (5º ano)
"
D24-3EF,"Reconhecer, em textos de nível 1,  o efeito de sentido produzido pelos pontos de exclamação e interrogação.","Textos de até 10 linhas, composto por períodos simples ou com breves intercalações, que circulam em qualquer um dos campo de atuação.",D24-3EF-CL11,Reconhecer o efeito de sentido produzido pelos pontos de exclamação e interrogação em textos de curiosidades.,x,x,x,x,x,2.0,EF01LP14,"Analisar os efeitos de sentido
decorrentes do uso da
pontuação. (5º ano)
"
D24-4EF,"Reconhecer, em poemas, o efeito de sentido da distribuição e diagramação das letras do texto na página em textos do campo artístico literário.",Não há.,D24-4ECL01,Reconhecer o efeito de sentido produzido pela diagramação das letras na página em poemas visuais.,x,x,x,x,x,2.0,EF02LP29,"Analisar os efeitos de sentidode recursos multissemióticos em textos que circulam em diferentes suportes. (5º ano)
"
D24-5EF,"Reconhecer, em texto de nível 2, o efeito de sentido do uso de parênteses, aspas e reticências.","Textos de até 15 linhas, com períodos de até duas linhas e intercalações breves, pertencente a qualquer um dos campos de atuação.",D24-5EF-CL01,Reconhecer o efeito de sentido do uso de parênteses em cartas.,x,x,x,x,x,2.0,EF05LP04,"Analisar os efeitos de sentido
decorrentes do uso da
pontuação. (5º ano)
"
D24-5EF,"Reconhecer, em texto de nível 2, o efeito de sentido do uso de parênteses, aspas e reticências.","Textos de até 15 linhas, com períodos de até duas linhas e intercalações breves, pertencente a qualquer um dos campos de atuação.",D24-5EF-CL02,Reconhecer o efeito de sentido do uso de aspas em cartas.,x,x,x,x,x,2.0,EF05LP04,"Analisar os efeitos de sentido
decorrentes do uso da
pontuação. (5º ano)
"
D24-5EF,"Reconhecer, em texto de nível 2, o efeito de sentido do uso de parênteses, aspas e reticências.","Textos de até 15 linhas, com períodos de até duas linhas e intercalações breves, pertencente a qualquer um dos campos de atuação.",D24-5EF-CL03,Reconhecer o efeito de sentido do uso de reticências em cartas.,x,x,x,x,x,2.0,EF05LP04,"Analisar os efeitos de sentido
decorrentes do uso da
pontuação. (5º ano)
"
D24-5EF,"Reconhecer, em texto de nível 2, o efeito de sentido do uso de parênteses, aspas e reticências.","Textos de até 15 linhas, com períodos de até duas linhas e intercalações breves, pertencente a qualquer um dos campos de atuação.",D24-5EF-CL04,Reconhecer o efeito de sentido do uso de parênteses em diários.,x,x,x,x,x,2.0,EF05LP04,"Analisar os efeitos de sentido
decorrentes do uso da
pontuação. (5º ano)
"
D24-5EF,"Reconhecer, em texto de nível 2, o efeito de sentido do uso de parênteses, aspas e reticências.","Textos de até 15 linhas, com períodos de até duas linhas e intercalações breves, pertencente a qualquer um dos campos de atuação.",D24-5EF-CL05,Reconhecer o efeito de sentido do uso de aspas em diários.,x,x,x,x,x,2.0,EF05LP04,"Analisar os efeitos de sentido
decorrentes do uso da
pontuação. (5º ano)
"
D24-5EF,"Reconhecer, em texto de nível 2, o efeito de sentido do uso de parênteses, aspas e reticências.","Textos de até 15 linhas, com períodos de até duas linhas e intercalações breves, pertencente a qualquer um dos campos de atuação.",D24-5EF-CL06,Reconhecer o efeito de sentido do uso de reticências em diários.,x,x,x,x,x,2.0,EF05LP04,"Analisar os efeitos de sentido
decorrentes do uso da
pontuação. (5º ano)
"
D24-5EF,"Reconhecer, em texto de nível 2, o efeito de sentido do uso de parênteses, aspas e reticências.","Textos de até 15 linhas, com períodos de até duas linhas e intercalações breves, pertencente a qualquer um dos campos de atuação.",D24-5EF-CL07,Reconhecer o efeito de sentido do uso de parênteses em instruções de montagem.,x,x,x,x,x,2.0,EF05LP04,"Analisar os efeitos de sentido
decorrentes do uso da
pontuação. (5º ano)
"
D24-5EF,"Reconhecer, em texto de nível 2, o efeito de sentido do uso de parênteses, aspas e reticências.","Textos de até 15 linhas, com períodos de até duas linhas e intercalações breves, pertencente a qualquer um dos campos de atuação.",D24-5EF-CL08,Reconhecer o efeito de sentido do uso de aspas instruções de montagem.,x,x,x,x,x,2.0,EF05LP04,"Analisar os efeitos de sentido
decorrentes do uso da
pontuação. (5º ano)
"
D24-5EF,"Reconhecer, em texto de nível 2, o efeito de sentido do uso de parênteses, aspas e reticências.","Textos de até 15 linhas, com períodos de até duas linhas e intercalações breves, pertencente a qualquer um dos campos de atuação.",D24-5EF-CL09,Reconhecer o efeito de sentido do uso de reticências instruções de montagem.,x,x,x,x,x,2.0,EF05LP04,"Analisar os efeitos de sentido
decorrentes do uso da
pontuação. (5º ano)
"
D24-5EF,"Reconhecer, em texto de nível 2, o efeito de sentido do uso de parênteses, aspas e reticências.","Textos de até 15 linhas, com períodos de até duas linhas e intercalações breves, pertencente a qualquer um dos campos de atuação.",D24-5EF-CL10,Reconhecer o efeito de sentido do uso de parênteses em contos.,x,x,x,x,x,2.0,EF05LP04,"Analisar os efeitos de sentido
decorrentes do uso da
pontuação. (5º ano)
"
D24-5EF,"Reconhecer, em texto de nível 2, o efeito de sentido do uso de parênteses, aspas e reticências.","Textos de até 15 linhas, com períodos de até duas linhas e intercalações breves, pertencente a qualquer um dos campos de atuação.",D24-5EF-CL11,Reconhecer o efeito de sentido do uso de aspas em contos.,x,x,x,x,x,2.0,EF05LP04,"Analisar os efeitos de sentido
decorrentes do uso da
pontuação. (5º ano)
"
D24-5EF,"Reconhecer, em texto de nível 2, o efeito de sentido do uso de parênteses, aspas e reticências.","Textos de até 15 linhas, com períodos de até duas linhas e intercalações breves, pertencente a qualquer um dos campos de atuação.",D24-5EF-CL12,Reconhecer o efeito de sentido do uso de reticências em contos.,x,x,x,x,x,2.0,EF05LP04,"Analisar os efeitos de sentido
decorrentes do uso da
pontuação. (5º ano)
"
D24-5EF,"Reconhecer, em texto de nível 2, o efeito de sentido do uso de parênteses, aspas e reticências.","Textos de até 15 linhas, com períodos de até duas linhas e intercalações breves, pertencente a qualquer um dos campos de atuação.",D24-5EF-CL13,Reconhecer o efeito de sentido do uso de parênteses em fábulas.,x,x,x,x,x,2.0,EF05LP04,"Analisar os efeitos de sentido
decorrentes do uso da
pontuação. (5º ano)
"
D24-5EF,"Reconhecer, em texto de nível 2, o efeito de sentido do uso de parênteses, aspas e reticências.","Textos de até 15 linhas, com períodos de até duas linhas e intercalações breves, pertencente a qualquer um dos campos de atuação.",D24-5EF-CL14,Reconhecer o efeito de sentido do uso de aspas em fábulas.,x,x,x,x,x,2.0,EF05LP04,"Analisar os efeitos de sentido
decorrentes do uso da
pontuação. (5º ano)
"
D24-5EF,"Reconhecer, em texto de nível 2, o efeito de sentido do uso de parênteses, aspas e reticências.","Textos de até 15 linhas, com períodos de até duas linhas e intercalações breves, pertencente a qualquer um dos campos de atuação.",D24-5EF-CL15,Reconhecer o efeito de sentido do uso de reticências em fábulas.,x,x,x,x,x,2.0,EF05LP04,"Analisar os efeitos de sentido
decorrentes do uso da
pontuação. (5º ano)
"
D24-5EF,"Reconhecer, em texto de nível 2, o efeito de sentido do uso de parênteses, aspas e reticências.","Textos de até 15 linhas, com períodos de até duas linhas e intercalações breves, pertencente a qualquer um dos campos de atuação.",D24-5EF-CL016,Reconhecer o efeito de sentido do uso de parênteses em lendas.,x,x,x,x,x,2.0,EF05LP04,"Analisar os efeitos de sentido
decorrentes do uso da
pontuação. (5º ano)
"
D24-5EF,"Reconhecer, em texto de nível 2, o efeito de sentido do uso de parênteses, aspas e reticências.","Textos de até 15 linhas, com períodos de até duas linhas e intercalações breves, pertencente a qualquer um dos campos de atuação.",D24-5EF-CL17,Reconhecer o efeito de sentido do uso de aspas lendas.,x,x,x,x,x,2.0,EF05LP04,"Analisar os efeitos de sentido
decorrentes do uso da
pontuação. (5º ano)
"
D24-5EF,"Reconhecer, em texto de nível 2, o efeito de sentido do uso de parênteses, aspas e reticências.","Textos de até 15 linhas, com períodos de até duas linhas e intercalações breves, pertencente a qualquer um dos campos de atuação.",D24-5EF-CL18,Reconhecer o efeito de sentido do uso de reticências em lendas.,x,x,x,x,x,2.0,EF05LP04,"Analisar os efeitos de sentido
decorrentes do uso da
pontuação. (5º ano)
"
D24-5EF,"Reconhecer, em texto de nível 2, o efeito de sentido do uso de parênteses, aspas e reticências.","Textos de até 15 linhas, com períodos de até duas linhas e intercalações breves, pertencente a qualquer um dos campos de atuação.",D24-5EF-CL19,Reconhecer o efeito de sentido do uso de parênteses em texto dramático.,x,x,x,x,x,2.0,EF05LP04,"Analisar os efeitos de sentido
decorrentes do uso da
pontuação. (5º ano)
"
D24-5EF,"Reconhecer, em texto de nível 2, o efeito de sentido do uso de parênteses, aspas e reticências.","Textos de até 15 linhas, com períodos de até duas linhas e intercalações breves, pertencente a qualquer um dos campos de atuação.",D24-5EF-CL20,Reconhecer o efeito de sentido do uso de aspas em texto dramático.,x,x,x,x,x,2.0,EF05LP04,"Analisar os efeitos de sentido
decorrentes do uso da
pontuação. (5º ano)
"
D24-5EF,"Reconhecer, em texto de nível 2, o efeito de sentido do uso de parênteses, aspas e reticências.","Textos de até 15 linhas, com períodos de até duas linhas e intercalações breves, pertencente a qualquer um dos campos de atuação.",D24-5EF-CL21,Reconhecer o efeito de sentido do uso de reticências em texto dramático.,x,x,x,x,x,2.0,EF05LP04,"Analisar os efeitos de sentido
decorrentes do uso da
pontuação. (5º ano)
"
D24-5EF,"Reconhecer, em texto de nível 2, o efeito de sentido do uso de parênteses, aspas e reticências.","Textos de até 15 linhas, com períodos de até duas linhas e intercalações breves, pertencente a qualquer um dos campos de atuação.",D24-5EF-CL022,Reconhecer o efeito de sentido do uso de parênteses em poemas.,x,x,x,x,x,2.0,EF05LP04,"Analisar os efeitos de sentido
decorrentes do uso da
pontuação. (5º ano)
"
D24-5EF,"Reconhecer, em texto de nível 2, o efeito de sentido do uso de parênteses, aspas e reticências.","Textos de até 15 linhas, com períodos de até duas linhas e intercalações breves, pertencente a qualquer um dos campos de atuação.",D24-5EF-CL23,Reconhecer o efeito de sentido do uso de aspas em poemas.,x,x,x,x,x,2.0,EF05LP04,"Analisar os efeitos de sentido
decorrentes do uso da
pontuação. (5º ano)
"
D24-5EF,"Reconhecer, em texto de nível 2, o efeito de sentido do uso de parênteses, aspas e reticências.","Textos de até 15 linhas, com períodos de até duas linhas e intercalações breves, pertencente a qualquer um dos campos de atuação.",D24-5EF-CL24,Reconhecer o efeito de sentido do uso de reticências em poemas.,x,x,x,x,x,2.0,EF05LP04,"Analisar os efeitos de sentido
decorrentes do uso da
pontuação. (5º ano)
"
D24-5EF,"Reconhecer, em texto de nível 2, o efeito de sentido do uso de parênteses, aspas e reticências.","Textos de até 15 linhas, com períodos de até duas linhas e intercalações breves, pertencente a qualquer um dos campos de atuação.",D24-5EF-CL25,Reconhecer o efeito de sentido do uso de parênteses em estatutos e leis adaptados ao público infanto-juvenil.,x,x,x,x,x,2.0,EF05LP04,"Analisar os efeitos de sentido
decorrentes do uso da
pontuação. (5º ano)
"
D24-5EF,"Reconhecer, em texto de nível 2, o efeito de sentido do uso de parênteses, aspas e reticências.","Textos de até 15 linhas, com períodos de até duas linhas e intercalações breves, pertencente a qualquer um dos campos de atuação.",D24-5EF-CL26,Reconhecer o efeito de sentido do uso de aspas em estatutos e leis adaptados ao público infanto-juvenil.,x,x,x,x,x,2.0,EF05LP04,"Analisar os efeitos de sentido
decorrentes do uso da
pontuação. (5º ano)
"
D24-5EF,"Reconhecer, em texto de nível 2, o efeito de sentido do uso de parênteses, aspas e reticências.","Textos de até 15 linhas, com períodos de até duas linhas e intercalações breves, pertencente a qualquer um dos campos de atuação.",D24-5EF-CL27,Reconhecer o efeito de sentido do uso de reticências em estatutos e leis adaptados ao público infanto-juvenil.,x,x,x,x,x,2.0,EF05LP04,"Analisar os efeitos de sentido
decorrentes do uso da
pontuação. (5º ano)
"
D24-5EF,"Reconhecer, em texto de nível 2, o efeito de sentido do uso de parênteses, aspas e reticências.","Textos de até 15 linhas, com períodos de até duas linhas e intercalações breves, pertencente a qualquer um dos campos de atuação.",D24-5EF-CL28,Reconhecer o efeito de sentido do uso de parênteses em cartas do leitor.,x,x,x,x,x,2.0,EF05LP04,"Analisar os efeitos de sentido
decorrentes do uso da
pontuação. (5º ano)
"
D24-5EF,"Reconhecer, em texto de nível 2, o efeito de sentido do uso de parênteses, aspas e reticências.","Textos de até 15 linhas, com períodos de até duas linhas e intercalações breves, pertencente a qualquer um dos campos de atuação.",D24-5EF-CL29,Reconhecer o efeito de sentido do uso de aspas em cartas do leitor.,x,x,x,x,x,2.0,EF05LP04,"Analisar os efeitos de sentido
decorrentes do uso da
pontuação. (5º ano)
"
D24-5EF,"Reconhecer, em texto de nível 2, o efeito de sentido do uso de parênteses, aspas e reticências.","Textos de até 15 linhas, com períodos de até duas linhas e intercalações breves, pertencente a qualquer um dos campos de atuação.",D24-5EF-CL30,Reconhecer o efeito de sentido do uso de reticências em cartas do leitor.,x,x,x,x,x,2.0,EF05LP04,"Analisar os efeitos de sentido
decorrentes do uso da
pontuação. (5º ano)
"
D24-5EF,"Reconhecer, em texto de nível 2, o efeito de sentido do uso de parênteses, aspas e reticências.","Textos de até 15 linhas, com períodos de até duas linhas e intercalações breves, pertencente a qualquer um dos campos de atuação.",D24-5EF-CL31,Reconhecer o efeito de sentido do uso de parênteses em notícias.,x,x,x,x,x,2.0,EF05LP04,"Analisar os efeitos de sentido
decorrentes do uso da
pontuação. (5º ano)
"
D24-5EF,"Reconhecer, em texto de nível 2, o efeito de sentido do uso de parênteses, aspas e reticências.","Textos de até 15 linhas, com períodos de até duas linhas e intercalações breves, pertencente a qualquer um dos campos de atuação.",D24-5EF-CL32,Reconhecer o efeito de sentido do uso de aspas em notícias.,x,x,x,x,x,2.0,EF05LP04,"Analisar os efeitos de sentido
decorrentes do uso da
pontuação. (5º ano)
"
D24-5EF,"Reconhecer, em texto de nível 2, o efeito de sentido do uso de parênteses, aspas e reticências.","Textos de até 15 linhas, com períodos de até duas linhas e intercalações breves, pertencente a qualquer um dos campos de atuação.",D24-5EF-CL33,Reconhecer o efeito de sentido do uso de reticências em notícias.,x,x,x,x,x,2.0,EF05LP04,"Analisar os efeitos de sentido
decorrentes do uso da
pontuação. (5º ano)
"
D24-5EF,"Reconhecer, em texto de nível 2, o efeito de sentido do uso de parênteses, aspas e reticências.","Textos de até 15 linhas, com períodos de até duas linhas e intercalações breves, pertencente a qualquer um dos campos de atuação.",D24-5EF-CL34,Reconhecer o efeito de sentido do uso de parênteses em reportagens adaptadas ao público infanto-juvenil.,x,x,x,x,x,2.0,EF05LP04,"Analisar os efeitos de sentido
decorrentes do uso da
pontuação. (5º ano)
"
D24-5EF,"Reconhecer, em texto de nível 2, o efeito de sentido do uso de parênteses, aspas e reticências.","Textos de até 15 linhas, com períodos de até duas linhas e intercalações breves, pertencente a qualquer um dos campos de atuação.",D24-5EF-CL35,Reconhecer o efeito de sentido do uso de aspas em reportagens adaptadas ao público infanto-juvenil.,x,x,x,x,x,2.0,EF05LP04,"Analisar os efeitos de sentido
decorrentes do uso da
pontuação. (5º ano)
"
D24-5EF,"Reconhecer, em texto de nível 2, o efeito de sentido do uso de parênteses, aspas e reticências.","Textos de até 15 linhas, com períodos de até duas linhas e intercalações breves, pertencente a qualquer um dos campos de atuação.",D24-5EF-CL36,Reconhecer o efeito de sentido do uso de reticências em reportagens adaptadas ao público infanto-juvenil.,x,x,x,x,x,2.0,EF05LP04,"Analisar os efeitos de sentido
decorrentes do uso da
pontuação. (5º ano)
"
D24-5EF,"Reconhecer, em texto de nível 2, o efeito de sentido do uso de parênteses, aspas e reticências.","Textos de até 15 linhas, com períodos de até duas linhas e intercalações breves, pertencente a qualquer um dos campos de atuação.",D24-5EF-CL37,Reconhecer o efeito de sentido do uso de parênteses em texto de curiosidades.,x,x,x,x,x,2.0,EF05LP04,"Analisar os efeitos de sentido
decorrentes do uso da
pontuação. (5º ano)
"
D24-5EF,"Reconhecer, em texto de nível 2, o efeito de sentido do uso de parênteses, aspas e reticências.","Textos de até 15 linhas, com períodos de até duas linhas e intercalações breves, pertencente a qualquer um dos campos de atuação.",D24-5EF-CL38,Reconhecer o efeito de sentido do uso de aspas em texto de curiosidades.,x,x,x,x,x,2.0,EF05LP04,"Analisar os efeitos de sentido
decorrentes do uso da
pontuação. (5º ano)
"
D24-5EF,"Reconhecer, em texto de nível 2, o efeito de sentido do uso de parênteses, aspas e reticências.","Textos de até 15 linhas, com períodos de até duas linhas e intercalações breves, pertencente a qualquer um dos campos de atuação.",D24-5EF-CL39,Reconhecer o efeito de sentido do uso de reticências em texto de curiosidades.,x,x,x,x,x,2.0,EF05LP04,"Analisar os efeitos de sentido
decorrentes do uso da
pontuação. (5º ano)
"
D24-5EF,"Reconhecer, em texto de nível 2, o efeito de sentido do uso de parênteses, aspas e reticências.","Textos de até 15 linhas, com períodos de até duas linhas e intercalações breves, pertencente a qualquer um dos campos de atuação.",D24-5EF-CL40,Reconhecer o efeito de sentido do uso de parênteses em artigo científico adaptado ao público infanto-juvenil.,x,x,x,x,x,2.0,EF05LP04,"Analisar os efeitos de sentido
decorrentes do uso da
pontuação. (5º ano)
"
D24-5EF,"Reconhecer, em texto de nível 2, o efeito de sentido do uso de parênteses, aspas e reticências.","Textos de até 15 linhas, com períodos de até duas linhas e intercalações breves, pertencente a qualquer um dos campos de atuação.",D24-5EF-CL41,Reconhecer o efeito de sentido do uso de aspas em artigo científico adaptado ao público infanto-juvenil.,x,x,x,x,x,2.0,EF05LP04,"Analisar os efeitos de sentido
decorrentes do uso da
pontuação. (5º ano)
"
D24-5EF,"Reconhecer, em texto de nível 2, o efeito de sentido do uso de parênteses, aspas e reticências.","Textos de até 15 linhas, com períodos de até duas linhas e intercalações breves, pertencente a qualquer um dos campos de atuação.",D24-5EF-CL42,Reconhecer o efeito de sentido do uso de reticências em artigo científico adaptado ao público infanto-juvenil.,x,x,x,x,x,2.0,EF05LP04,"Analisar os efeitos de sentido
decorrentes do uso da
pontuação. (5º ano)
"
